CDR_DATE,CDR_HOUR,INSTANCE_ID,DIAMETER_RESULT_CODES,SERVICE_KEY,CALL_TYPE,IS_ROAMING,IS_CHARGING_OVERRULED,ISBFT,TOTAL,REMARK
30-01-2024,00,MM,2001,100,1,0,0,0,12723,day0
30-01-2024,00,MM,2001,100,1,1,0,0,9,day0
30-01-2024,00,MM,2001,100,3,0,0,0,124,day0
30-01-2024,00,MM,2001,200,1,0,0,0,16,day0
30-01-2024,00,MM,2001,300,2,1,0,0,4,day0
30-01-2024,00,MM,4010,100,1,0,0,0,73,day0
30-01-2024,00,MM,4010,100,3,0,0,0,2,day0
30-01-2024,00,MM,4010,150,1,0,0,0,3,day0
30-01-2024,00,MM,4012,100,1,0,0,0,6745,day0
30-01-2024,00,MM,4012,100,1,1,0,0,18,day0
30-01-2024,00,MM,4012,100,3,0,0,0,67,day0
30-01-2024,00,MM,4012,300,2,1,0,0,15,day0
30-01-2024,00,MM,5000,100,1,0,0,1,1,day0
30-01-2024,00,MM,5004,300,2,0,0,0,15,day0
30-01-2024,00,MM,5030,150,1,0,0,0,11,day0
30-01-2024,00,MM,5031,100,1,0,0,0,1351,day0
30-01-2024,00,MM,5031,100,1,1,0,0,11,day0
30-01-2024,00,MM,5031,100,3,0,0,0,7,day0
30-01-2024,00,MM,5031,150,1,0,0,0,1,day0
30-01-2024,00,MM,6000,100,1,0,0,0,5,day0
30-01-2024,00,MM,6000,100,1,0,0,1,7,day0
30-01-2024,00,MM,,100,1,0,0,0,452,day0
30-01-2024,00,MM,,100,1,1,0,0,1,day0
30-01-2024,00,MM,,133,4,0,0,0,0,day0
30-01-2024,00,MM,,150,1,0,0,0,2,day0
30-01-2024,00,PK,2001,100,1,0,0,0,12597,day0
30-01-2024,00,PK,2001,100,1,1,0,0,9,day0
30-01-2024,00,PK,2001,100,3,0,0,0,113,day0
30-01-2024,00,PK,2001,200,1,0,0,0,9,day0
30-01-2024,00,PK,2001,300,2,1,0,0,9,day0
30-01-2024,00,PK,4010,100,1,0,0,0,86,day0
30-01-2024,00,PK,4010,150,1,0,0,0,6,day0
30-01-2024,00,PK,4012,100,1,0,0,0,6758,day0
30-01-2024,00,PK,4012,100,1,1,0,0,18,day0
30-01-2024,00,PK,4012,100,3,0,0,0,65,day0
30-01-2024,00,PK,4012,300,2,1,0,0,17,day0
30-01-2024,00,PK,5004,300,2,0,0,0,22,day0
30-01-2024,00,PK,5030,150,1,0,0,0,17,day0
30-01-2024,00,PK,5031,100,1,0,0,0,1434,day0
30-01-2024,00,PK,5031,100,1,1,0,0,8,day0
30-01-2024,00,PK,5031,100,3,0,0,0,6,day0
30-01-2024,00,PK,5031,150,1,0,0,0,1,day0
30-01-2024,00,PK,,100,1,0,0,0,446,day0
30-01-2024,00,PK,,133,4,0,0,0,0,day0
30-01-2024,00,PK,,150,1,0,0,0,4,day0
30-01-2024,01,MM,2001,100,1,0,0,0,8840,day0
30-01-2024,01,MM,2001,100,1,1,0,0,4,day0
30-01-2024,01,MM,2001,100,3,0,0,0,112,day0
30-01-2024,01,MM,2001,200,1,0,0,0,2,day0
30-01-2024,01,MM,4010,100,1,0,0,0,81,day0
30-01-2024,01,MM,4010,150,1,0,0,0,2,day0
30-01-2024,01,MM,4012,100,1,0,0,0,4258,day0
30-01-2024,01,MM,4012,100,1,1,0,0,11,day0
30-01-2024,01,MM,4012,100,3,0,0,0,42,day0
30-01-2024,01,MM,4012,300,2,1,0,0,42,day0
30-01-2024,01,MM,5004,300,2,0,0,0,1,day0
30-01-2024,01,MM,5030,150,1,0,0,0,10,day0
30-01-2024,01,MM,5031,100,1,0,0,0,631,day0
30-01-2024,01,MM,5031,100,1,1,0,0,2,day0
30-01-2024,01,MM,5031,100,3,0,0,0,13,day0
30-01-2024,01,MM,,100,1,0,0,0,301,day0
30-01-2024,01,MM,,100,1,1,0,0,1,day0
30-01-2024,01,MM,,133,4,0,0,0,0,day0
30-01-2024,01,PK,2001,100,1,0,0,0,8725,day0
30-01-2024,01,PK,2001,100,1,1,0,0,5,day0
30-01-2024,01,PK,2001,100,3,0,0,0,107,day0
30-01-2024,01,PK,2001,200,1,0,0,0,7,day0
30-01-2024,01,PK,2001,300,2,1,0,0,2,day0
30-01-2024,01,PK,4010,100,1,0,0,0,70,day0
30-01-2024,01,PK,4010,150,1,0,0,0,3,day0
30-01-2024,01,PK,4012,100,1,0,0,0,4224,day0
30-01-2024,01,PK,4012,100,1,1,0,0,20,day0
30-01-2024,01,PK,4012,100,3,0,0,0,55,day0
30-01-2024,01,PK,4012,300,2,1,0,0,22,day0
30-01-2024,01,PK,5004,300,2,0,0,0,4,day0
30-01-2024,01,PK,5004,300,3,0,0,0,1,day0
30-01-2024,01,PK,5030,150,1,0,0,0,12,day0
30-01-2024,01,PK,5031,100,1,0,0,0,572,day0
30-01-2024,01,PK,5031,100,1,1,0,0,3,day0
30-01-2024,01,PK,5031,100,3,0,0,0,4,day0
30-01-2024,01,PK,5031,150,1,0,0,0,1,day0
30-01-2024,01,PK,,100,1,0,0,0,279,day0
30-01-2024,01,PK,,100,1,1,0,0,2,day0
30-01-2024,01,PK,,133,4,0,0,0,0,day0
30-01-2024,01,PK,,150,1,0,0,0,2,day0
30-01-2024,02,MM,2001,100,1,0,0,0,6119,day0
30-01-2024,02,MM,2001,100,1,1,0,0,9,day0
30-01-2024,02,MM,2001,100,3,0,0,0,33,day0
30-01-2024,02,MM,2001,200,1,0,0,0,8,day0
30-01-2024,02,MM,2001,300,2,1,0,0,2,day0
30-01-2024,02,MM,4010,100,1,0,0,0,80,day0
30-01-2024,02,MM,4010,100,3,0,0,0,2,day0
30-01-2024,02,MM,4012,100,1,0,0,0,3198,day0
30-01-2024,02,MM,4012,100,1,1,0,0,12,day0
30-01-2024,02,MM,4012,100,3,0,0,0,16,day0
30-01-2024,02,MM,4012,300,2,1,0,0,9,day0
30-01-2024,02,MM,5000,100,1,0,0,0,2,day0
30-01-2024,02,MM,5000,100,1,0,0,1,27,day0
30-01-2024,02,MM,5004,300,2,0,0,0,7,day0
30-01-2024,02,MM,5030,150,1,0,0,0,9,day0
30-01-2024,02,MM,5031,100,1,0,0,0,404,day0
30-01-2024,02,MM,5031,100,1,1,0,0,5,day0
30-01-2024,02,MM,5031,100,3,0,0,0,8,day0
30-01-2024,02,MM,,100,1,0,0,0,219,day0
30-01-2024,02,MM,,133,4,0,0,0,0,day0
30-01-2024,02,PK,2001,100,1,0,0,0,6019,day0
30-01-2024,02,PK,2001,100,1,1,0,0,2,day0
30-01-2024,02,PK,2001,100,3,0,0,0,41,day0
30-01-2024,02,PK,2001,200,1,0,0,0,5,day0
30-01-2024,02,PK,2001,300,2,1,0,0,1,day0
30-01-2024,02,PK,4010,100,1,0,0,0,80,day0
30-01-2024,02,PK,4010,100,1,1,0,0,1,day0
30-01-2024,02,PK,4012,100,1,0,0,0,3196,day0
30-01-2024,02,PK,4012,100,1,1,0,0,14,day0
30-01-2024,02,PK,4012,100,3,0,0,0,25,day0
30-01-2024,02,PK,4012,300,2,1,0,0,17,day0
30-01-2024,02,PK,5000,100,1,0,0,0,3,day0
30-01-2024,02,PK,5000,100,1,0,0,1,25,day0
30-01-2024,02,PK,5000,100,3,0,0,1,1,day0
30-01-2024,02,PK,5004,300,2,0,0,0,5,day0
30-01-2024,02,PK,5030,100,1,0,0,0,1,day0
30-01-2024,02,PK,5030,150,1,0,0,0,13,day0
30-01-2024,02,PK,5031,100,1,0,0,0,465,day0
30-01-2024,02,PK,5031,100,1,1,0,0,11,day0
30-01-2024,02,PK,5031,100,3,0,0,0,9,day0
30-01-2024,02,PK,,100,1,0,0,0,241,day0
30-01-2024,02,PK,,133,4,0,0,0,0,day0
30-01-2024,03,MM,2001,100,1,0,0,0,5375,day0
30-01-2024,03,MM,2001,100,1,1,0,0,3,day0
30-01-2024,03,MM,2001,100,3,0,0,0,43,day0
30-01-2024,03,MM,2001,200,1,0,0,0,4,day0
30-01-2024,03,MM,4010,100,1,0,0,0,86,day0
30-01-2024,03,MM,4010,100,3,0,0,0,1,day0
30-01-2024,03,MM,4010,150,1,0,0,0,10,day0
30-01-2024,03,MM,4012,100,1,0,0,0,2738,day0
30-01-2024,03,MM,4012,100,1,1,0,0,16,day0
30-01-2024,03,MM,4012,100,3,0,0,0,29,day0
30-01-2024,03,MM,4012,300,2,1,0,0,9,day0
30-01-2024,03,MM,5004,300,2,0,0,0,3,day0
30-01-2024,03,MM,5030,150,1,0,0,0,2,day0
30-01-2024,03,MM,5031,100,1,0,0,0,258,day0
30-01-2024,03,MM,5031,100,1,1,0,0,2,day0
30-01-2024,03,MM,5031,100,3,0,0,0,2,day0
30-01-2024,03,MM,,100,1,0,0,0,218,day0
30-01-2024,03,MM,,133,4,0,0,0,0,day0
30-01-2024,03,PK,2001,100,1,0,0,0,5268,day0
30-01-2024,03,PK,2001,100,1,1,0,0,4,day0
30-01-2024,03,PK,2001,100,3,0,0,0,37,day0
30-01-2024,03,PK,2001,200,1,0,0,0,4,day0
30-01-2024,03,PK,4010,100,1,0,0,0,101,day0
30-01-2024,03,PK,4010,100,3,0,0,0,1,day0
30-01-2024,03,PK,4010,150,1,0,0,0,10,day0
30-01-2024,03,PK,4012,100,1,0,0,0,2792,day0
30-01-2024,03,PK,4012,100,1,1,0,0,15,day0
30-01-2024,03,PK,4012,100,3,0,0,0,21,day0
30-01-2024,03,PK,4012,300,2,1,0,0,12,day0
30-01-2024,03,PK,5004,300,2,0,0,0,3,day0
30-01-2024,03,PK,5030,150,1,0,0,0,5,day0
30-01-2024,03,PK,5031,100,1,0,0,0,273,day0
30-01-2024,03,PK,5031,100,1,1,0,0,1,day0
30-01-2024,03,PK,5031,100,3,0,0,0,6,day0
30-01-2024,03,PK,,100,1,0,0,0,229,day0
30-01-2024,03,PK,,133,4,0,0,0,0,day0
30-01-2024,04,MM,2001,100,1,0,0,0,7418,day0
30-01-2024,04,MM,2001,100,1,1,0,0,5,day0
30-01-2024,04,MM,2001,100,3,0,0,0,41,day0
30-01-2024,04,MM,2001,200,1,0,0,0,9,day0
30-01-2024,04,MM,4010,100,1,0,0,0,86,day0
30-01-2024,04,MM,4012,100,1,0,0,0,3266,day0
30-01-2024,04,MM,4012,100,1,1,0,0,4,day0
30-01-2024,04,MM,4012,100,3,0,0,0,19,day0
30-01-2024,04,MM,4012,300,2,1,0,0,36,day0
30-01-2024,04,MM,5004,300,2,0,0,0,42,day0
30-01-2024,04,MM,5030,150,1,0,0,0,4,day0
30-01-2024,04,MM,5031,100,1,0,0,0,227,day0
30-01-2024,04,MM,5031,100,1,1,0,0,3,day0
30-01-2024,04,MM,,100,1,0,0,0,269,day0
30-01-2024,04,MM,,100,1,1,0,0,2,day0
30-01-2024,04,MM,,133,4,0,0,0,0,day0
30-01-2024,04,MM,,150,1,0,0,0,3,day0
30-01-2024,04,PK,2001,100,1,0,0,0,7247,day0
30-01-2024,04,PK,2001,100,1,1,0,0,2,day0
30-01-2024,04,PK,2001,100,3,0,0,0,46,day0
30-01-2024,04,PK,2001,200,1,0,0,0,7,day0
30-01-2024,04,PK,4010,100,1,0,0,0,88,day0
30-01-2024,04,PK,4012,100,1,0,0,0,3291,day0
30-01-2024,04,PK,4012,100,1,1,0,0,5,day0
30-01-2024,04,PK,4012,100,3,0,0,0,14,day0
30-01-2024,04,PK,4012,300,2,1,0,0,39,day0
30-01-2024,04,PK,5004,300,2,0,0,0,32,day0
30-01-2024,04,PK,5030,150,1,0,0,0,1,day0
30-01-2024,04,PK,5031,100,1,0,0,0,242,day0
30-01-2024,04,PK,5031,100,3,0,0,0,2,day0
30-01-2024,04,PK,,100,1,0,0,0,237,day0
30-01-2024,04,PK,,133,4,0,0,0,0,day0
30-01-2024,04,PK,,150,1,1,0,0,1,day0
30-01-2024,05,MM,2001,100,1,0,0,0,16819,day0
30-01-2024,05,MM,2001,100,1,1,0,0,11,day0
30-01-2024,05,MM,2001,100,3,0,0,0,59,day0
30-01-2024,05,MM,2001,200,1,0,0,0,24,day0
30-01-2024,05,MM,2001,300,2,1,0,0,1,day0
30-01-2024,05,MM,4010,100,1,0,0,0,102,day0
30-01-2024,05,MM,4010,150,1,0,0,0,1,day0
30-01-2024,05,MM,4012,100,1,0,0,0,7253,day0
30-01-2024,05,MM,4012,100,1,1,0,0,10,day0
30-01-2024,05,MM,4012,100,3,0,0,0,73,day0
30-01-2024,05,MM,4012,300,2,1,0,0,19,day0
30-01-2024,05,MM,5004,300,2,0,0,0,20,day0
30-01-2024,05,MM,5030,150,1,0,0,0,12,day0
30-01-2024,05,MM,5031,100,1,0,0,0,362,day0
30-01-2024,05,MM,5031,100,1,1,0,0,1,day0
30-01-2024,05,MM,5031,100,3,0,0,0,5,day0
30-01-2024,05,MM,,100,1,0,0,0,530,day0
30-01-2024,05,MM,,100,1,1,0,0,1,day0
30-01-2024,05,MM,,133,4,0,0,0,0,day0
30-01-2024,05,PK,2001,100,1,0,0,0,16908,day0
30-01-2024,05,PK,2001,100,1,1,0,0,4,day0
30-01-2024,05,PK,2001,100,3,0,0,0,66,day0
30-01-2024,05,PK,2001,200,1,0,0,0,24,day0
30-01-2024,05,PK,2001,300,2,1,0,0,1,day0
30-01-2024,05,PK,4010,100,1,0,0,0,116,day0
30-01-2024,05,PK,4010,150,1,0,0,0,3,day0
30-01-2024,05,PK,4012,100,1,0,0,0,7214,day0
30-01-2024,05,PK,4012,100,1,1,0,0,8,day0
30-01-2024,05,PK,4012,100,3,0,0,0,74,day0
30-01-2024,05,PK,4012,300,2,1,0,0,19,day0
30-01-2024,05,PK,4012,300,3,1,0,0,1,day0
30-01-2024,05,PK,5004,300,2,0,0,0,21,day0
30-01-2024,05,PK,5030,150,1,0,0,0,7,day0
30-01-2024,05,PK,5031,100,1,0,0,0,372,day0
30-01-2024,05,PK,5031,100,3,0,0,0,14,day0
30-01-2024,05,PK,,100,1,0,0,0,489,day0
30-01-2024,05,PK,,100,1,1,0,0,2,day0
30-01-2024,05,PK,,133,4,0,0,0,0,day0
30-01-2024,05,PK,,150,1,0,0,0,1,day0
30-01-2024,06,MM,2001,100,1,0,0,0,28642,day0
30-01-2024,06,MM,2001,100,1,1,0,0,13,day0
30-01-2024,06,MM,2001,100,3,0,0,0,139,day0
30-01-2024,06,MM,2001,200,1,0,0,0,45,day0
30-01-2024,06,MM,2001,200,3,0,0,0,3,day0
30-01-2024,06,MM,2001,300,2,1,0,0,9,day0
30-01-2024,06,MM,4010,100,1,0,0,0,142,day0
30-01-2024,06,MM,4010,100,3,0,0,0,1,day0
30-01-2024,06,MM,4010,150,1,0,0,0,3,day0
30-01-2024,06,MM,4012,100,1,0,0,0,13352,day0
30-01-2024,06,MM,4012,100,1,1,0,0,17,day0
30-01-2024,06,MM,4012,100,3,0,0,0,120,day0
30-01-2024,06,MM,4012,300,2,1,0,0,32,day0
30-01-2024,06,MM,5004,300,2,0,0,0,22,day0
30-01-2024,06,MM,5030,150,1,0,0,0,31,day0
30-01-2024,06,MM,5031,100,1,0,0,0,736,day0
30-01-2024,06,MM,5031,100,1,1,0,0,7,day0
30-01-2024,06,MM,5031,100,3,0,0,0,10,day0
30-01-2024,06,MM,5031,200,1,0,0,0,2,day0
30-01-2024,06,MM,,100,1,0,0,0,996,day0
30-01-2024,06,MM,,133,4,0,0,0,0,day0
30-01-2024,06,MM,,150,1,0,0,0,3,day0
30-01-2024,06,PK,2001,100,1,0,0,0,28733,day0
30-01-2024,06,PK,2001,100,1,1,0,0,18,day0
30-01-2024,06,PK,2001,100,3,0,0,0,134,day0
30-01-2024,06,PK,2001,200,1,0,0,0,32,day0
30-01-2024,06,PK,2001,200,3,0,0,0,2,day0
30-01-2024,06,PK,2001,300,2,1,0,0,4,day0
30-01-2024,06,PK,4010,100,1,0,0,0,139,day0
30-01-2024,06,PK,4010,100,3,0,0,0,3,day0
30-01-2024,06,PK,4010,150,1,0,0,0,2,day0
30-01-2024,06,PK,4012,100,1,0,0,0,13450,day0
30-01-2024,06,PK,4012,100,1,1,0,0,10,day0
30-01-2024,06,PK,4012,100,3,0,0,0,109,day0
30-01-2024,06,PK,4012,300,2,1,0,0,35,day0
30-01-2024,06,PK,5004,300,2,0,0,0,33,day0
30-01-2024,06,PK,5030,150,1,0,0,0,27,day0
30-01-2024,06,PK,5031,100,1,0,0,0,674,day0
30-01-2024,06,PK,5031,100,1,1,0,0,6,day0
30-01-2024,06,PK,5031,100,3,0,0,0,12,day0
30-01-2024,06,PK,5031,150,1,0,0,0,1,day0
30-01-2024,06,PK,,100,1,0,0,0,931,day0
30-01-2024,06,PK,,133,4,0,0,0,0,day0
30-01-2024,06,PK,,150,1,0,0,0,3,day0
30-01-2024,07,MM,2001,100,1,0,0,0,35757,day0
30-01-2024,07,MM,2001,100,1,1,0,0,3,day0
30-01-2024,07,MM,2001,100,3,0,0,0,466,day0
30-01-2024,07,MM,2001,200,1,0,0,0,68,day0
30-01-2024,07,MM,2001,200,3,0,0,0,2,day0
30-01-2024,07,MM,2001,300,2,1,0,0,6,day0
30-01-2024,07,MM,4010,100,1,0,0,0,183,day0
30-01-2024,07,MM,4010,100,3,0,0,0,5,day0
30-01-2024,07,MM,4010,150,1,0,0,0,2,day0
30-01-2024,07,MM,4010,150,1,1,0,0,1,day0
30-01-2024,07,MM,4012,100,1,0,0,0,17416,day0
30-01-2024,07,MM,4012,100,1,1,0,0,10,day0
30-01-2024,07,MM,4012,100,3,0,0,0,354,day0
30-01-2024,07,MM,4012,200,1,0,0,0,1,day0
30-01-2024,07,MM,4012,300,2,1,0,0,101,day0
30-01-2024,07,MM,5004,300,2,0,0,0,132,day0
30-01-2024,07,MM,5005,100,1,0,0,1,1,day0
30-01-2024,07,MM,5030,100,1,0,0,0,2,day0
30-01-2024,07,MM,5030,150,1,0,0,0,30,day0
30-01-2024,07,MM,5031,100,1,0,0,0,1000,day0
30-01-2024,07,MM,5031,100,1,1,0,0,3,day0
30-01-2024,07,MM,5031,100,3,0,0,0,25,day0
30-01-2024,07,MM,5031,200,1,0,0,0,2,day0
30-01-2024,07,MM,5031,300,2,1,0,0,3,day0
30-01-2024,07,MM,,100,1,0,0,0,1278,day0
30-01-2024,07,MM,,133,4,0,0,0,0,day0
30-01-2024,07,MM,,150,1,0,0,0,4,day0
30-01-2024,07,PK,2001,100,1,0,0,0,35509,day0
30-01-2024,07,PK,2001,100,1,1,0,0,1,day0
30-01-2024,07,PK,2001,100,3,0,0,0,434,day0
30-01-2024,07,PK,2001,200,1,0,0,0,67,day0
30-01-2024,07,PK,2001,300,2,1,0,0,7,day0
30-01-2024,07,PK,4010,100,1,0,0,0,181,day0
30-01-2024,07,PK,4010,100,3,0,0,0,2,day0
30-01-2024,07,PK,4010,150,1,0,0,0,4,day0
30-01-2024,07,PK,4012,100,1,0,0,0,17223,day0
30-01-2024,07,PK,4012,100,1,1,0,0,15,day0
30-01-2024,07,PK,4012,100,3,0,0,0,343,day0
30-01-2024,07,PK,4012,200,1,0,0,0,1,day0
30-01-2024,07,PK,4012,300,2,1,0,0,101,day0
30-01-2024,07,PK,5004,300,2,0,0,0,124,day0
30-01-2024,07,PK,5030,150,1,0,0,0,30,day0
30-01-2024,07,PK,5031,100,1,0,0,0,1008,day0
30-01-2024,07,PK,5031,100,1,1,0,0,6,day0
30-01-2024,07,PK,5031,100,3,0,0,0,33,day0
30-01-2024,07,PK,5031,300,2,1,0,0,2,day0
30-01-2024,07,PK,,100,1,0,0,0,1168,day0
30-01-2024,07,PK,,100,1,1,0,0,2,day0
30-01-2024,07,PK,,133,4,0,0,0,0,day0
30-01-2024,07,PK,,150,1,0,0,0,5,day0
30-01-2024,08,MM,2001,100,1,0,0,0,42984,day0
30-01-2024,08,MM,2001,100,1,1,0,0,11,day0
30-01-2024,08,MM,2001,100,3,0,0,0,3593,day0
30-01-2024,08,MM,2001,200,1,0,0,0,544,day0
30-01-2024,08,MM,2001,200,3,0,0,0,21,day0
30-01-2024,08,MM,2001,300,2,1,0,0,61,day0
30-01-2024,08,MM,2001,400,2,1,0,0,4,day0
30-01-2024,08,MM,4010,100,1,0,0,0,201,day0
30-01-2024,08,MM,4010,100,3,0,0,0,23,day0
30-01-2024,08,MM,4010,150,1,0,0,0,1,day0
30-01-2024,08,MM,4012,100,1,0,0,0,19527,day0
30-01-2024,08,MM,4012,100,1,1,0,0,28,day0
30-01-2024,08,MM,4012,100,3,0,0,0,2427,day0
30-01-2024,08,MM,4012,200,1,0,0,0,9,day0
30-01-2024,08,MM,4012,300,2,1,0,0,1153,day0
30-01-2024,08,MM,4012,300,3,1,0,0,1,day0
30-01-2024,08,MM,4012,400,2,1,0,0,3,day0
30-01-2024,08,MM,5004,300,2,0,0,0,1185,day0
30-01-2024,08,MM,5004,300,3,0,0,0,3,day0
30-01-2024,08,MM,5004,400,2,0,0,0,18,day0
30-01-2024,08,MM,5005,100,1,0,0,1,1,day0
30-01-2024,08,MM,5030,100,1,0,0,0,4,day0
30-01-2024,08,MM,5030,150,1,0,0,0,34,day0
30-01-2024,08,MM,5031,100,1,0,0,0,1144,day0
30-01-2024,08,MM,5031,100,1,1,0,0,9,day0
30-01-2024,08,MM,5031,100,3,0,0,0,194,day0
30-01-2024,08,MM,5031,300,2,1,0,0,12,day0
30-01-2024,08,MM,,100,1,0,0,0,1329,day0
30-01-2024,08,MM,,133,4,0,0,0,0,day0
30-01-2024,08,MM,,150,1,0,0,0,1,day0
30-01-2024,08,PK,2001,100,1,0,0,0,42673,day0
30-01-2024,08,PK,2001,100,1,1,0,0,11,day0
30-01-2024,08,PK,2001,100,3,0,0,0,3629,day0
30-01-2024,08,PK,2001,150,1,0,0,0,2,day0
30-01-2024,08,PK,2001,200,1,0,0,0,549,day0
30-01-2024,08,PK,2001,200,3,0,0,0,26,day0
30-01-2024,08,PK,2001,300,2,1,0,0,54,day0
30-01-2024,08,PK,2001,400,2,1,0,0,4,day0
30-01-2024,08,PK,4010,100,1,0,0,0,199,day0
30-01-2024,08,PK,4010,100,3,0,0,0,23,day0
30-01-2024,08,PK,4010,150,1,0,0,0,2,day0
30-01-2024,08,PK,4012,100,1,0,0,0,19375,day0
30-01-2024,08,PK,4012,100,1,1,0,0,32,day0
30-01-2024,08,PK,4012,100,3,0,0,0,2456,day0
30-01-2024,08,PK,4012,200,1,0,0,0,9,day0
30-01-2024,08,PK,4012,300,2,1,0,0,1132,day0
30-01-2024,08,PK,4012,300,3,1,0,0,1,day0
30-01-2024,08,PK,4012,400,2,1,0,0,1,day0
30-01-2024,08,PK,5004,300,2,0,0,0,1165,day0
30-01-2024,08,PK,5004,300,3,0,0,0,2,day0
30-01-2024,08,PK,5004,400,2,0,0,0,22,day0
30-01-2024,08,PK,5030,100,1,0,0,0,4,day0
30-01-2024,08,PK,5030,150,1,0,0,0,35,day0
30-01-2024,08,PK,5031,100,1,0,0,0,1019,day0
30-01-2024,08,PK,5031,100,1,1,0,0,6,day0
30-01-2024,08,PK,5031,100,3,0,0,0,192,day0
30-01-2024,08,PK,5031,150,1,0,0,0,1,day0
30-01-2024,08,PK,5031,200,1,0,0,0,2,day0
30-01-2024,08,PK,5031,300,2,1,0,0,11,day0
30-01-2024,08,PK,,100,1,0,0,0,1297,day0
30-01-2024,08,PK,,100,1,1,0,0,1,day0
30-01-2024,08,PK,,133,4,0,0,0,0,day0
30-01-2024,08,PK,,150,1,0,0,0,2,day0
30-01-2024,09,MM,2001,100,1,0,0,0,50378,day0
30-01-2024,09,MM,2001,100,1,1,0,0,4,day0
30-01-2024,09,MM,2001,100,3,0,0,0,4038,day0
30-01-2024,09,MM,2001,150,1,0,0,0,1,day0
30-01-2024,09,MM,2001,200,1,0,0,0,950,day0
30-01-2024,09,MM,2001,200,3,0,0,0,31,day0
30-01-2024,09,MM,2001,300,2,1,0,0,115,day0
30-01-2024,09,MM,2001,400,2,1,0,0,9,day0
30-01-2024,09,MM,4010,100,1,0,0,0,207,day0
30-01-2024,09,MM,4010,100,3,0,0,0,41,day0
30-01-2024,09,MM,4010,150,1,0,0,0,5,day0
30-01-2024,09,MM,4010,200,1,0,0,0,1,day0
30-01-2024,09,MM,4012,100,1,0,0,0,21641,day0
30-01-2024,09,MM,4012,100,1,1,0,0,29,day0
30-01-2024,09,MM,4012,100,3,0,0,0,2825,day0
30-01-2024,09,MM,4012,150,1,0,0,0,1,day0
30-01-2024,09,MM,4012,200,1,0,0,0,31,day0
30-01-2024,09,MM,4012,300,2,1,0,0,1358,day0
30-01-2024,09,MM,4012,300,3,1,0,0,3,day0
30-01-2024,09,MM,4012,400,2,1,0,0,1,day0
30-01-2024,09,MM,5004,300,2,0,0,0,1714,day0
30-01-2024,09,MM,5004,300,3,0,0,0,3,day0
30-01-2024,09,MM,5004,400,2,0,0,0,10,day0
30-01-2024,09,MM,5005,100,1,0,0,1,1,day0
30-01-2024,09,MM,5030,100,1,0,0,0,1,day0
30-01-2024,09,MM,5030,150,1,0,0,0,34,day0
30-01-2024,09,MM,5031,100,1,0,0,0,1394,day0
30-01-2024,09,MM,5031,100,1,1,0,0,4,day0
30-01-2024,09,MM,5031,100,3,0,0,0,211,day0
30-01-2024,09,MM,5031,200,1,0,0,0,8,day0
30-01-2024,09,MM,5031,300,2,1,0,0,5,day0
30-01-2024,09,MM,,100,1,0,0,0,1473,day0
30-01-2024,09,MM,,100,1,1,0,0,3,day0
30-01-2024,09,MM,,133,4,0,0,0,0,day0
30-01-2024,09,MM,,150,1,0,0,0,4,day0
30-01-2024,09,PK,2001,100,1,0,0,0,50110,day0
30-01-2024,09,PK,2001,100,1,1,0,0,2,day0
30-01-2024,09,PK,2001,100,3,0,0,0,3971,day0
30-01-2024,09,PK,2001,200,1,0,0,0,1032,day0
30-01-2024,09,PK,2001,200,3,0,0,0,32,day0
30-01-2024,09,PK,2001,300,2,1,0,0,116,day0
30-01-2024,09,PK,2001,400,2,1,0,0,3,day0
30-01-2024,09,PK,4010,100,1,0,0,0,244,day0
30-01-2024,09,PK,4010,100,3,0,0,0,22,day0
30-01-2024,09,PK,4010,150,1,0,0,0,4,day0
30-01-2024,09,PK,4010,200,1,0,0,0,1,day0
30-01-2024,09,PK,4012,100,1,0,0,0,21555,day0
30-01-2024,09,PK,4012,100,1,1,0,0,25,day0
30-01-2024,09,PK,4012,100,3,0,0,0,2805,day0
30-01-2024,09,PK,4012,200,1,0,0,0,24,day0
30-01-2024,09,PK,4012,300,2,1,0,0,1366,day0
30-01-2024,09,PK,4012,300,3,1,0,0,3,day0
30-01-2024,09,PK,5004,300,2,0,0,0,1658,day0
30-01-2024,09,PK,5004,300,3,0,0,0,3,day0
30-01-2024,09,PK,5004,400,2,0,0,0,8,day0
30-01-2024,09,PK,5030,100,1,0,0,0,3,day0
30-01-2024,09,PK,5030,150,1,0,0,0,35,day0
30-01-2024,09,PK,5031,100,1,0,0,0,1356,day0
30-01-2024,09,PK,5031,100,1,1,0,0,9,day0
30-01-2024,09,PK,5031,100,3,0,0,0,227,day0
30-01-2024,09,PK,5031,200,1,0,0,0,3,day0
30-01-2024,09,PK,5031,300,2,1,0,0,5,day0
30-01-2024,09,PK,,100,1,0,0,0,1487,day0
30-01-2024,09,PK,,100,1,1,0,0,1,day0
30-01-2024,09,PK,,133,4,0,0,0,0,day0
30-01-2024,09,PK,,150,1,0,0,0,4,day0
30-01-2024,10,MM,2001,100,1,0,0,0,53194,day0
30-01-2024,10,MM,2001,100,1,1,0,0,11,day0
30-01-2024,10,MM,2001,100,3,0,0,0,4336,day0
30-01-2024,10,MM,2001,200,1,0,0,0,904,day0
30-01-2024,10,MM,2001,200,3,0,0,0,22,day0
30-01-2024,10,MM,2001,300,2,1,0,0,107,day0
30-01-2024,10,MM,2001,300,3,1,0,0,1,day0
30-01-2024,10,MM,2001,400,2,1,0,0,2,day0
30-01-2024,10,MM,4010,100,1,0,0,0,205,day0
30-01-2024,10,MM,4010,100,1,1,0,0,1,day0
30-01-2024,10,MM,4010,100,3,0,0,0,22,day0
30-01-2024,10,MM,4010,150,1,0,0,0,4,day0
30-01-2024,10,MM,4010,150,1,1,0,0,1,day0
30-01-2024,10,MM,4010,200,3,0,0,0,1,day0
30-01-2024,10,MM,4010,300,2,1,0,0,10,day0
30-01-2024,10,MM,4012,100,1,0,0,0,23203,day0
30-01-2024,10,MM,4012,100,1,1,0,0,55,day0
30-01-2024,10,MM,4012,100,3,0,0,0,2650,day0
30-01-2024,10,MM,4012,150,1,0,0,0,1,day0
30-01-2024,10,MM,4012,200,1,0,0,0,23,day0
30-01-2024,10,MM,4012,300,2,1,0,0,1658,day0
30-01-2024,10,MM,4012,300,3,1,0,0,2,day0
30-01-2024,10,MM,5004,300,2,0,0,0,1817,day0
30-01-2024,10,MM,5004,400,2,0,0,0,1,day0
30-01-2024,10,MM,5005,100,1,0,0,1,1,day0
30-01-2024,10,MM,5030,100,1,0,0,0,2,day0
30-01-2024,10,MM,5030,150,1,0,0,0,37,day0
30-01-2024,10,MM,5031,100,1,0,0,0,1423,day0
30-01-2024,10,MM,5031,100,1,1,0,0,6,day0
30-01-2024,10,MM,5031,100,3,0,0,0,210,day0
30-01-2024,10,MM,5031,150,1,0,0,0,2,day0
30-01-2024,10,MM,5031,200,1,0,0,0,7,day0
30-01-2024,10,MM,5031,300,2,1,0,0,9,day0
30-01-2024,10,MM,,100,1,0,0,0,1497,day0
30-01-2024,10,MM,,100,1,1,0,0,2,day0
30-01-2024,10,MM,,133,4,0,0,0,0,day0
30-01-2024,10,MM,,150,1,0,0,0,2,day0
30-01-2024,10,PK,2001,100,1,0,0,0,53309,day0
30-01-2024,10,PK,2001,100,1,1,0,0,11,day0
30-01-2024,10,PK,2001,100,3,0,0,0,4329,day0
30-01-2024,10,PK,2001,200,1,0,0,0,946,day0
30-01-2024,10,PK,2001,200,3,0,0,0,27,day0
30-01-2024,10,PK,2001,300,2,1,0,0,90,day0
30-01-2024,10,PK,2001,400,2,1,0,0,1,day0
30-01-2024,10,PK,4010,100,1,0,0,0,214,day0
30-01-2024,10,PK,4010,100,3,0,0,0,30,day0
30-01-2024,10,PK,4010,150,1,0,0,0,5,day0
30-01-2024,10,PK,4010,300,2,1,0,0,10,day0
30-01-2024,10,PK,4012,100,1,0,0,0,22863,day0
30-01-2024,10,PK,4012,100,1,1,0,0,38,day0
30-01-2024,10,PK,4012,100,3,0,0,0,2701,day0
30-01-2024,10,PK,4012,150,1,0,0,0,1,day0
30-01-2024,10,PK,4012,200,1,0,0,0,32,day0
30-01-2024,10,PK,4012,300,2,1,0,0,1612,day0
30-01-2024,10,PK,4012,300,3,1,0,0,2,day0
30-01-2024,10,PK,5004,300,2,0,0,0,1840,day0
30-01-2024,10,PK,5004,300,3,0,0,0,4,day0
30-01-2024,10,PK,5004,400,2,0,0,0,2,day0
30-01-2024,10,PK,5005,100,1,0,0,1,1,day0
30-01-2024,10,PK,5030,100,1,0,0,0,2,day0
30-01-2024,10,PK,5030,150,1,0,0,0,35,day0
30-01-2024,10,PK,5031,100,1,0,0,0,1331,day0
30-01-2024,10,PK,5031,100,1,1,0,0,8,day0
30-01-2024,10,PK,5031,100,3,0,0,0,195,day0
30-01-2024,10,PK,5031,200,1,0,0,0,5,day0
30-01-2024,10,PK,5031,300,2,1,0,0,4,day0
30-01-2024,10,PK,5031,300,3,1,0,0,1,day0
30-01-2024,10,PK,,100,1,0,0,0,1433,day0
30-01-2024,10,PK,,100,1,1,0,0,3,day0
30-01-2024,10,PK,,133,4,0,0,0,0,day0
30-01-2024,10,PK,,150,1,0,0,0,3,day0
30-01-2024,10,PK,,200,1,0,0,0,1,day0
30-01-2024,11,MM,2001,100,1,0,0,0,53256,day0
30-01-2024,11,MM,2001,100,1,1,0,0,3,day0
30-01-2024,11,MM,2001,100,3,0,0,0,3772,day0
30-01-2024,11,MM,2001,200,1,0,0,0,878,day0
30-01-2024,11,MM,2001,200,3,0,0,0,15,day0
30-01-2024,11,MM,2001,300,2,1,0,0,79,day0
30-01-2024,11,MM,2001,400,2,1,0,0,1,day0
30-01-2024,11,MM,4010,100,1,0,0,0,235,day0
30-01-2024,11,MM,4010,100,3,0,0,0,30,day0
30-01-2024,11,MM,4010,150,1,0,0,0,6,day0
30-01-2024,11,MM,4012,100,1,0,0,0,23426,day0
30-01-2024,11,MM,4012,100,1,1,0,0,45,day0
30-01-2024,11,MM,4012,100,3,0,0,0,2411,day0
30-01-2024,11,MM,4012,200,1,0,0,0,19,day0
30-01-2024,11,MM,4012,300,2,1,0,0,1549,day0
30-01-2024,11,MM,5004,300,2,0,0,0,1431,day0
30-01-2024,11,MM,5004,300,3,0,0,0,1,day0
30-01-2024,11,MM,5030,150,1,0,0,0,59,day0
30-01-2024,11,MM,5031,100,1,0,0,0,1480,day0
30-01-2024,11,MM,5031,100,1,1,0,0,5,day0
30-01-2024,11,MM,5031,100,3,0,0,0,164,day0
30-01-2024,11,MM,5031,200,1,0,0,0,5,day0
30-01-2024,11,MM,5031,300,2,1,0,0,12,day0
30-01-2024,11,MM,,100,1,0,0,0,1559,day0
30-01-2024,11,MM,,100,1,1,0,0,2,day0
30-01-2024,11,MM,,133,4,0,0,0,0,day0
30-01-2024,11,MM,,150,1,0,0,0,4,day0
30-01-2024,11,PK,2001,100,1,0,0,0,52996,day0
30-01-2024,11,PK,2001,100,1,1,0,0,2,day0
30-01-2024,11,PK,2001,100,3,0,0,0,3693,day0
30-01-2024,11,PK,2001,200,1,0,0,0,792,day0
30-01-2024,11,PK,2001,200,3,0,0,0,16,day0
30-01-2024,11,PK,2001,300,2,1,0,0,71,day0
30-01-2024,11,PK,2001,400,2,1,0,0,2,day0
30-01-2024,11,PK,4010,100,1,0,0,0,213,day0
30-01-2024,11,PK,4010,100,3,0,0,0,21,day0
30-01-2024,11,PK,4010,150,1,0,0,0,2,day0
30-01-2024,11,PK,4012,100,1,0,0,0,23557,day0
30-01-2024,11,PK,4012,100,1,1,0,0,34,day0
30-01-2024,11,PK,4012,100,3,0,0,0,2377,day0
30-01-2024,11,PK,4012,200,1,0,0,0,26,day0
30-01-2024,11,PK,4012,300,2,1,0,0,1463,day0
30-01-2024,11,PK,5004,300,2,0,0,0,1442,day0
30-01-2024,11,PK,5004,300,3,0,0,0,1,day0
30-01-2024,11,PK,5004,400,2,0,0,0,1,day0
30-01-2024,11,PK,5005,100,1,0,0,1,1,day0
30-01-2024,11,PK,5030,150,1,0,0,0,59,day0
30-01-2024,11,PK,5031,100,1,0,0,0,1526,day0
30-01-2024,11,PK,5031,100,1,1,0,0,11,day0
30-01-2024,11,PK,5031,100,3,0,0,0,154,day0
30-01-2024,11,PK,5031,200,1,0,0,0,2,day0
30-01-2024,11,PK,5031,300,2,1,0,0,18,day0
30-01-2024,11,PK,,100,1,0,0,0,1497,day0
30-01-2024,11,PK,,100,1,1,0,0,1,day0
30-01-2024,11,PK,,133,4,0,0,0,0,day0
30-01-2024,11,PK,,150,1,0,0,0,1,day0
30-01-2024,11,PK,,200,1,0,0,0,1,day0
30-01-2024,12,MM,2001,100,1,0,0,0,53922,day0
30-01-2024,12,MM,2001,100,1,1,0,0,6,day0
30-01-2024,12,MM,2001,100,3,0,0,0,3536,day0
30-01-2024,12,MM,2001,200,1,0,0,0,235,day0
30-01-2024,12,MM,2001,200,3,0,0,0,18,day0
30-01-2024,12,MM,2001,300,2,1,0,0,83,day0
30-01-2024,12,MM,2001,400,2,1,0,0,2,day0
30-01-2024,12,MM,4010,100,1,0,0,0,278,day0
30-01-2024,12,MM,4010,100,1,1,0,0,1,day0
30-01-2024,12,MM,4010,100,3,0,0,0,22,day0
30-01-2024,12,MM,4010,150,1,0,0,0,2,day0
30-01-2024,12,MM,4012,100,1,0,0,0,25027,day0
30-01-2024,12,MM,4012,100,1,1,0,0,29,day0
30-01-2024,12,MM,4012,100,3,0,0,0,2492,day0
30-01-2024,12,MM,4012,150,1,0,0,0,1,day0
30-01-2024,12,MM,4012,200,1,0,0,0,3,day0
30-01-2024,12,MM,4012,300,2,1,0,0,991,day0
30-01-2024,12,MM,5004,300,2,0,0,0,1185,day0
30-01-2024,12,MM,5004,300,3,0,0,0,6,day0
30-01-2024,12,MM,5004,400,2,0,0,0,6,day0
30-01-2024,12,MM,5030,100,1,0,0,0,1,day0
30-01-2024,12,MM,5030,150,1,0,0,0,42,day0
30-01-2024,12,MM,5031,100,1,0,0,0,1303,day0
30-01-2024,12,MM,5031,100,1,1,0,0,8,day0
30-01-2024,12,MM,5031,100,3,0,0,0,191,day0
30-01-2024,12,MM,5031,300,2,1,0,0,3,day0
30-01-2024,12,MM,,100,1,0,0,0,1600,day0
30-01-2024,12,MM,,100,1,1,0,0,1,day0
30-01-2024,12,MM,,133,4,0,0,0,0,day0
30-01-2024,12,MM,,133,4,1,0,0,0,day0
30-01-2024,12,MM,,150,1,0,0,0,4,day0
30-01-2024,12,PK,2001,100,1,0,0,0,53569,day0
30-01-2024,12,PK,2001,100,1,1,0,0,10,day0
30-01-2024,12,PK,2001,100,3,0,0,0,3570,day0
30-01-2024,12,PK,2001,200,1,0,0,0,247,day0
30-01-2024,12,PK,2001,200,3,0,0,0,25,day0
30-01-2024,12,PK,2001,300,2,1,0,0,101,day0
30-01-2024,12,PK,4010,100,1,0,0,0,245,day0
30-01-2024,12,PK,4010,100,3,0,0,0,17,day0
30-01-2024,12,PK,4010,150,1,0,0,0,5,day0
30-01-2024,12,PK,4012,100,1,0,0,0,24881,day0
30-01-2024,12,PK,4012,100,1,1,0,0,27,day0
30-01-2024,12,PK,4012,100,3,0,0,0,2409,day0
30-01-2024,12,PK,4012,150,1,0,0,0,1,day0
30-01-2024,12,PK,4012,200,1,0,0,0,3,day0
30-01-2024,12,PK,4012,300,2,1,0,0,1062,day0
30-01-2024,12,PK,5004,300,2,0,0,0,1138,day0
30-01-2024,12,PK,5004,300,3,0,0,0,2,day0
30-01-2024,12,PK,5004,400,2,0,0,0,6,day0
30-01-2024,12,PK,5030,100,1,0,0,0,3,day0
30-01-2024,12,PK,5030,150,1,0,0,0,54,day0
30-01-2024,12,PK,5031,100,1,0,0,0,1416,day0
30-01-2024,12,PK,5031,100,1,1,0,0,13,day0
30-01-2024,12,PK,5031,100,3,0,0,0,187,day0
30-01-2024,12,PK,5031,200,1,0,0,0,3,day0
30-01-2024,12,PK,5031,300,2,1,0,0,9,day0
30-01-2024,12,PK,,100,1,0,0,0,1633,day0
30-01-2024,12,PK,,100,1,1,0,0,1,day0
30-01-2024,12,PK,,133,4,0,0,0,0,day0
30-01-2024,12,PK,,133,4,1,0,0,0,day0
30-01-2024,12,PK,,150,1,0,0,0,5,day0
30-01-2024,13,MM,2001,100,1,0,0,0,52482,day0
30-01-2024,13,MM,2001,100,1,1,0,0,8,day0
30-01-2024,13,MM,2001,100,3,0,0,0,3722,day0
30-01-2024,13,MM,2001,200,1,0,0,0,912,day0
30-01-2024,13,MM,2001,200,3,0,0,0,11,day0
30-01-2024,13,MM,2001,300,2,1,0,0,83,day0
30-01-2024,13,MM,2001,400,2,1,0,0,1,day0
30-01-2024,13,MM,4010,100,1,0,0,0,230,day0
30-01-2024,13,MM,4010,100,1,1,0,0,1,day0
30-01-2024,13,MM,4010,100,3,0,0,0,19,day0
30-01-2024,13,MM,4010,150,1,0,0,0,4,day0
30-01-2024,13,MM,4012,100,1,0,0,0,23975,day0
30-01-2024,13,MM,4012,100,1,1,0,0,38,day0
30-01-2024,13,MM,4012,100,3,0,0,0,2288,day0
30-01-2024,13,MM,4012,200,1,0,0,0,31,day0
30-01-2024,13,MM,4012,300,2,1,0,0,1111,day0
30-01-2024,13,MM,4012,300,3,1,0,0,1,day0
30-01-2024,13,MM,4012,400,2,1,0,0,1,day0
30-01-2024,13,MM,5004,300,2,0,0,0,1180,day0
30-01-2024,13,MM,5004,400,2,0,0,0,4,day0
30-01-2024,13,MM,5030,100,1,0,0,0,1,day0
30-01-2024,13,MM,5030,100,1,1,0,0,1,day0
30-01-2024,13,MM,5030,150,1,0,0,0,58,day0
30-01-2024,13,MM,5031,100,1,0,0,0,1620,day0
30-01-2024,13,MM,5031,100,1,1,0,0,8,day0
30-01-2024,13,MM,5031,100,3,0,0,0,159,day0
30-01-2024,13,MM,5031,150,1,0,0,0,2,day0
30-01-2024,13,MM,5031,200,1,0,0,0,7,day0
30-01-2024,13,MM,5031,300,2,1,0,0,10,day0
30-01-2024,13,MM,,100,1,0,0,0,1637,day0
30-01-2024,13,MM,,133,4,0,0,0,0,day0
30-01-2024,13,MM,,150,1,0,0,0,6,day0
30-01-2024,13,PK,2001,100,1,0,0,0,52433,day0
30-01-2024,13,PK,2001,100,1,1,0,0,9,day0
30-01-2024,13,PK,2001,100,3,0,0,0,3828,day0
30-01-2024,13,PK,2001,200,1,0,0,0,871,day0
30-01-2024,13,PK,2001,200,3,0,0,0,22,day0
30-01-2024,13,PK,2001,300,2,1,0,0,96,day0
30-01-2024,13,PK,2001,400,2,1,0,0,1,day0
30-01-2024,13,PK,4010,100,1,0,0,0,256,day0
30-01-2024,13,PK,4010,100,3,0,0,0,18,day0
30-01-2024,13,PK,4010,150,1,0,0,0,5,day0
30-01-2024,13,PK,4012,100,1,0,0,0,24296,day0
30-01-2024,13,PK,4012,100,1,1,0,0,32,day0
30-01-2024,13,PK,4012,100,3,0,0,0,2290,day0
30-01-2024,13,PK,4012,200,1,0,0,0,33,day0
30-01-2024,13,PK,4012,300,2,1,0,0,1090,day0
30-01-2024,13,PK,4012,300,3,1,0,0,1,day0
30-01-2024,13,PK,4012,400,2,1,0,0,1,day0
30-01-2024,13,PK,5004,300,2,0,0,0,1259,day0
30-01-2024,13,PK,5004,300,3,0,0,0,2,day0
30-01-2024,13,PK,5004,400,2,0,0,0,9,day0
30-01-2024,13,PK,5030,100,1,0,0,0,1,day0
30-01-2024,13,PK,5030,100,1,1,0,0,3,day0
30-01-2024,13,PK,5030,150,1,0,0,0,46,day0
30-01-2024,13,PK,5031,100,1,0,0,0,1644,day0
30-01-2024,13,PK,5031,100,1,1,0,0,4,day0
30-01-2024,13,PK,5031,100,3,0,0,0,161,day0
30-01-2024,13,PK,5031,150,1,0,0,0,1,day0
30-01-2024,13,PK,5031,200,1,0,0,0,6,day0
30-01-2024,13,PK,5031,300,2,1,0,0,12,day0
30-01-2024,13,PK,,100,1,0,0,0,1594,day0
30-01-2024,13,PK,,100,1,1,0,0,1,day0
30-01-2024,13,PK,,133,4,0,0,0,0,day0
30-01-2024,13,PK,,150,1,0,0,0,4,day0
30-01-2024,13,PK,,200,1,0,0,0,1,day0
30-01-2024,14,MM,2001,100,1,0,0,0,42776,day0
30-01-2024,14,MM,2001,100,1,1,0,0,6,day0
30-01-2024,14,MM,2001,100,3,0,0,0,3249,day0
30-01-2024,14,MM,2001,200,1,0,0,0,786,day0
30-01-2024,14,MM,2001,200,3,0,0,0,9,day0
30-01-2024,14,MM,2001,300,2,1,0,0,93,day0
30-01-2024,14,MM,2001,400,2,1,0,0,2,day0
30-01-2024,14,MM,4010,100,1,0,0,0,192,day0
30-01-2024,14,MM,4010,100,3,0,0,0,20,day0
30-01-2024,14,MM,4010,150,1,0,0,0,1,day0
30-01-2024,14,MM,4012,100,1,0,0,0,19724,day0
30-01-2024,14,MM,4012,100,1,1,0,0,32,day0
30-01-2024,14,MM,4012,100,3,0,0,0,1862,day0
30-01-2024,14,MM,4012,200,1,0,0,0,25,day0
30-01-2024,14,MM,4012,300,2,1,0,0,1114,day0
30-01-2024,14,MM,4012,300,3,1,0,0,1,day0
30-01-2024,14,MM,5004,300,2,0,0,0,1291,day0
30-01-2024,14,MM,5004,400,2,0,0,0,3,day0
30-01-2024,14,MM,5030,100,1,0,0,0,10,day0
30-01-2024,14,MM,5030,150,1,0,0,0,43,day0
30-01-2024,14,MM,5031,100,1,0,0,0,1323,day0
30-01-2024,14,MM,5031,100,1,1,0,0,7,day0
30-01-2024,14,MM,5031,100,3,0,0,0,120,day0
30-01-2024,14,MM,5031,200,1,0,0,0,1,day0
30-01-2024,14,MM,5031,300,2,1,0,0,2,day0
30-01-2024,14,MM,,100,1,0,0,0,1274,day0
30-01-2024,14,MM,,100,1,1,0,0,1,day0
30-01-2024,14,MM,,133,4,0,0,0,0,day0
30-01-2024,14,MM,,150,1,0,0,0,3,day0
30-01-2024,14,MM,,200,1,0,0,0,1,day0
30-01-2024,14,PK,2001,100,1,0,0,0,42447,day0
30-01-2024,14,PK,2001,100,1,1,0,0,4,day0
30-01-2024,14,PK,2001,100,3,0,0,0,3255,day0
30-01-2024,14,PK,2001,200,1,0,0,0,815,day0
30-01-2024,14,PK,2001,200,3,0,0,0,11,day0
30-01-2024,14,PK,2001,300,2,1,0,0,84,day0
30-01-2024,14,PK,2001,400,2,1,0,0,2,day0
30-01-2024,14,PK,4010,100,1,0,0,0,187,day0
30-01-2024,14,PK,4010,100,3,0,0,0,13,day0
30-01-2024,14,PK,4010,150,1,0,0,0,6,day0
30-01-2024,14,PK,4012,100,1,0,0,0,19832,day0
30-01-2024,14,PK,4012,100,1,1,0,0,25,day0
30-01-2024,14,PK,4012,100,3,0,0,0,1899,day0
30-01-2024,14,PK,4012,200,1,0,0,0,24,day0
30-01-2024,14,PK,4012,300,2,1,0,0,1131,day0
30-01-2024,14,PK,4012,300,3,1,0,0,3,day0
30-01-2024,14,PK,5004,300,2,0,0,0,1269,day0
30-01-2024,14,PK,5004,300,3,0,0,0,3,day0
30-01-2024,14,PK,5004,400,2,0,0,0,10,day0
30-01-2024,14,PK,5005,100,1,0,0,1,2,day0
30-01-2024,14,PK,5030,100,1,0,0,0,8,day0
30-01-2024,14,PK,5030,150,1,0,0,0,37,day0
30-01-2024,14,PK,5031,100,1,0,0,0,1287,day0
30-01-2024,14,PK,5031,100,1,1,0,0,3,day0
30-01-2024,14,PK,5031,100,3,0,0,0,172,day0
30-01-2024,14,PK,5031,150,1,0,0,0,1,day0
30-01-2024,14,PK,5031,200,1,0,0,0,1,day0
30-01-2024,14,PK,5031,300,2,1,0,0,4,day0
30-01-2024,14,PK,,100,1,0,0,0,1250,day0
30-01-2024,14,PK,,100,1,1,0,0,2,day0
30-01-2024,14,PK,,133,4,0,0,0,0,day0
30-01-2024,14,PK,,150,1,0,0,0,3,day0
30-01-2024,14,PK,,200,1,0,0,0,1,day0
29-01-2024,00,MM,2001,100,1,0,0,0,12183,day1
29-01-2024,00,MM,2001,100,1,1,0,0,9,day1
29-01-2024,00,MM,2001,100,3,0,0,0,140,day1
29-01-2024,00,MM,2001,200,1,0,0,0,5,day1
29-01-2024,00,MM,2001,200,3,0,0,0,1,day1
29-01-2024,00,MM,2001,300,2,1,0,0,8,day1
29-01-2024,00,MM,4010,100,1,0,0,0,89,day1
29-01-2024,00,MM,4010,100,3,0,0,0,1,day1
29-01-2024,00,MM,4010,150,1,0,0,0,1,day1
29-01-2024,00,MM,4010,300,2,1,0,0,4,day1
29-01-2024,00,MM,4012,100,1,0,0,0,6575,day1
29-01-2024,00,MM,4012,100,1,1,0,0,29,day1
29-01-2024,00,MM,4012,100,3,0,0,0,157,day1
29-01-2024,00,MM,4012,300,2,1,0,0,16,day1
29-01-2024,00,MM,5004,300,2,0,0,0,30,day1
29-01-2024,00,MM,5030,150,1,0,0,0,21,day1
29-01-2024,00,MM,5031,100,1,0,0,0,1273,day1
29-01-2024,00,MM,5031,100,1,1,0,0,6,day1
29-01-2024,00,MM,5031,100,3,0,0,0,11,day1
29-01-2024,00,MM,,100,1,0,0,0,473,day1
29-01-2024,00,MM,,100,1,1,0,0,2,day1
29-01-2024,00,MM,,133,4,0,0,0,0,day1
29-01-2024,00,MM,,150,1,0,0,0,3,day1
29-01-2024,00,PK,2001,100,1,0,0,0,12034,day1
29-01-2024,00,PK,2001,100,1,1,0,0,10,day1
29-01-2024,00,PK,2001,100,3,0,0,0,120,day1
29-01-2024,00,PK,2001,200,1,0,0,0,2,day1
29-01-2024,00,PK,2001,300,2,1,0,0,11,day1
29-01-2024,00,PK,4010,100,1,0,0,0,82,day1
29-01-2024,00,PK,4010,100,1,1,0,0,1,day1
29-01-2024,00,PK,4010,300,2,1,0,0,2,day1
29-01-2024,00,PK,4012,100,1,0,0,0,6505,day1
29-01-2024,00,PK,4012,100,1,1,0,0,20,day1
29-01-2024,00,PK,4012,100,3,0,0,0,161,day1
29-01-2024,00,PK,4012,300,2,1,0,0,21,day1
29-01-2024,00,PK,5000,100,1,0,0,1,1,day1
29-01-2024,00,PK,5004,300,2,0,0,0,19,day1
29-01-2024,00,PK,5005,100,1,0,0,1,1,day1
29-01-2024,00,PK,5030,150,1,0,0,0,14,day1
29-01-2024,00,PK,5031,100,1,0,0,0,1385,day1
29-01-2024,00,PK,5031,100,1,1,0,0,5,day1
29-01-2024,00,PK,5031,100,3,0,0,0,6,day1
29-01-2024,00,PK,5031,150,1,0,0,0,1,day1
29-01-2024,00,PK,,100,1,0,0,0,438,day1
29-01-2024,00,PK,,133,4,0,0,0,0,day1
29-01-2024,00,PK,,150,1,0,0,0,3,day1
30-01-2024,00,MM,2001,100,1,0,0,0,57,day1
30-01-2024,00,MM,2001,100,3,0,0,0,2,day1
30-01-2024,00,MM,4012,100,1,0,0,0,39,day1
30-01-2024,00,MM,5031,100,1,0,0,0,8,day1
30-01-2024,00,MM,,100,1,0,0,0,5,day1
30-01-2024,00,PK,2001,100,1,0,0,0,78,day1
30-01-2024,00,PK,4012,100,1,0,0,0,52,day1
30-01-2024,00,PK,5031,100,1,0,0,0,11,day1
30-01-2024,00,PK,,100,1,0,0,0,3,day1
29-01-2024,01,MM,2001,100,1,0,0,0,7518,day1
29-01-2024,01,MM,2001,100,1,1,0,0,3,day1
29-01-2024,01,MM,2001,100,3,0,0,0,43,day1
29-01-2024,01,MM,2001,200,1,0,0,0,3,day1
29-01-2024,01,MM,2001,200,3,0,0,0,3,day1
29-01-2024,01,MM,2001,300,2,1,0,0,10,day1
29-01-2024,01,MM,4010,100,1,0,0,0,60,day1
29-01-2024,01,MM,4010,100,1,1,0,0,17,day1
29-01-2024,01,MM,4010,150,1,0,0,0,1,day1
29-01-2024,01,MM,4012,100,1,0,0,0,4126,day1
29-01-2024,01,MM,4012,100,1,1,0,0,10,day1
29-01-2024,01,MM,4012,100,3,0,0,0,53,day1
29-01-2024,01,MM,4012,300,2,1,0,0,8,day1
29-01-2024,01,MM,5000,100,1,0,0,0,5,day1
29-01-2024,01,MM,5000,100,1,0,0,1,28,day1
29-01-2024,01,MM,5000,300,2,1,0,0,1,day1
29-01-2024,01,MM,5004,300,2,0,0,0,4,day1
29-01-2024,01,MM,5030,150,1,0,0,0,12,day1
29-01-2024,01,MM,5031,100,1,0,0,0,573,day1
29-01-2024,01,MM,5031,100,1,1,0,0,4,day1
29-01-2024,01,MM,5031,100,3,0,0,0,6,day1
29-01-2024,01,MM,,100,1,0,0,0,347,day1
29-01-2024,01,MM,,133,4,0,0,0,0,day1
29-01-2024,01,MM,,150,1,0,0,0,3,day1
29-01-2024,01,PK,2001,100,1,0,0,0,7541,day1
29-01-2024,01,PK,2001,100,1,1,0,0,3,day1
29-01-2024,01,PK,2001,100,3,0,0,0,33,day1
29-01-2024,01,PK,2001,200,1,0,0,0,3,day1
29-01-2024,01,PK,2001,300,2,1,0,0,7,day1
29-01-2024,01,PK,4010,100,1,0,0,0,47,day1
29-01-2024,01,PK,4010,100,1,1,0,0,24,day1
29-01-2024,01,PK,4010,150,1,0,0,0,1,day1
29-01-2024,01,PK,4012,100,1,0,0,0,4077,day1
29-01-2024,01,PK,4012,100,1,1,0,0,16,day1
29-01-2024,01,PK,4012,100,3,0,0,0,39,day1
29-01-2024,01,PK,4012,300,2,1,0,0,5,day1
29-01-2024,01,PK,4012,300,3,1,0,0,1,day1
29-01-2024,01,PK,5000,100,1,0,0,0,4,day1
29-01-2024,01,PK,5000,100,1,0,0,1,21,day1
29-01-2024,01,PK,5004,300,2,0,0,0,10,day1
29-01-2024,01,PK,5030,150,1,0,0,0,5,day1
29-01-2024,01,PK,5031,100,1,0,0,0,587,day1
29-01-2024,01,PK,5031,100,1,1,0,0,1,day1
29-01-2024,01,PK,5031,100,3,0,0,0,5,day1
29-01-2024,01,PK,,100,1,0,0,0,334,day1
29-01-2024,01,PK,,100,1,1,0,0,1,day1
29-01-2024,01,PK,,133,4,0,0,0,0,day1
29-01-2024,01,PK,,150,1,0,0,0,1,day1
29-01-2024,02,MM,2001,100,1,0,0,0,5123,day1
29-01-2024,02,MM,2001,100,1,1,0,0,4,day1
29-01-2024,02,MM,2001,100,3,0,0,0,20,day1
29-01-2024,02,MM,2001,150,1,0,0,0,2,day1
29-01-2024,02,MM,2001,200,1,0,0,0,2,day1
29-01-2024,02,MM,2001,300,2,1,0,0,1,day1
29-01-2024,02,MM,4010,100,1,0,0,0,30,day1
29-01-2024,02,MM,4012,100,1,0,0,0,3069,day1
29-01-2024,02,MM,4012,100,1,1,0,0,17,day1
29-01-2024,02,MM,4012,100,3,0,0,0,36,day1
29-01-2024,02,MM,4012,200,1,0,0,0,1,day1
29-01-2024,02,MM,4012,300,2,1,0,0,12,day1
29-01-2024,02,MM,5000,100,1,0,0,0,11,day1
29-01-2024,02,MM,5000,100,1,0,0,1,139,day1
29-01-2024,02,MM,5004,300,2,0,0,0,10,day1
29-01-2024,02,MM,5030,150,1,0,0,0,2,day1
29-01-2024,02,MM,5031,100,1,0,0,0,369,day1
29-01-2024,02,MM,5031,100,1,1,0,0,2,day1
29-01-2024,02,MM,5031,100,3,0,0,0,3,day1
29-01-2024,02,MM,5031,300,2,1,0,0,1,day1
29-01-2024,02,MM,,100,1,0,0,0,242,day1
29-01-2024,02,MM,,133,4,0,0,0,0,day1
29-01-2024,02,MM,,150,1,0,0,0,3,day1
29-01-2024,02,PK,2001,100,1,0,0,0,5280,day1
29-01-2024,02,PK,2001,100,1,1,0,0,1,day1
29-01-2024,02,PK,2001,100,3,0,0,0,30,day1
29-01-2024,02,PK,2001,200,1,0,0,0,2,day1
29-01-2024,02,PK,2001,300,2,1,0,0,2,day1
29-01-2024,02,PK,4010,100,1,0,0,0,29,day1
29-01-2024,02,PK,4012,100,1,0,0,0,2886,day1
29-01-2024,02,PK,4012,100,1,1,0,0,19,day1
29-01-2024,02,PK,4012,100,3,0,0,0,29,day1
29-01-2024,02,PK,4012,300,2,1,0,0,11,day1
29-01-2024,02,PK,5000,100,1,0,0,0,9,day1
29-01-2024,02,PK,5000,100,1,0,0,1,134,day1
29-01-2024,02,PK,5000,100,1,1,0,0,1,day1
29-01-2024,02,PK,5000,100,3,0,0,1,2,day1
29-01-2024,02,PK,5000,200,1,0,0,0,2,day1
29-01-2024,02,PK,5004,300,2,0,0,0,3,day1
29-01-2024,02,PK,5030,150,1,0,0,0,2,day1
29-01-2024,02,PK,5031,100,1,0,0,0,443,day1
29-01-2024,02,PK,5031,100,1,1,0,0,2,day1
29-01-2024,02,PK,5031,100,3,0,0,0,3,day1
29-01-2024,02,PK,,100,1,0,0,0,251,day1
29-01-2024,02,PK,,100,1,1,0,0,1,day1
29-01-2024,02,PK,,133,4,0,0,0,0,day1
29-01-2024,02,PK,,150,1,0,0,0,3,day1
29-01-2024,02,PK,,150,1,1,0,0,1,day1
29-01-2024,03,MM,2001,100,1,0,0,0,4859,day1
29-01-2024,03,MM,2001,100,1,1,0,0,2,day1
29-01-2024,03,MM,2001,100,3,0,0,0,34,day1
29-01-2024,03,MM,2001,200,1,0,0,0,6,day1
29-01-2024,03,MM,4010,100,1,0,0,0,43,day1
29-01-2024,03,MM,4012,100,1,0,0,0,2912,day1
29-01-2024,03,MM,4012,100,1,1,0,0,9,day1
29-01-2024,03,MM,4012,100,3,0,0,0,18,day1
29-01-2024,03,MM,4012,300,2,1,0,0,8,day1
29-01-2024,03,MM,5004,300,2,0,0,0,10,day1
29-01-2024,03,MM,5030,150,1,0,0,0,4,day1
29-01-2024,03,MM,5031,100,1,0,0,0,333,day1
29-01-2024,03,MM,5031,100,3,0,0,0,1,day1
29-01-2024,03,MM,,100,1,0,0,0,208,day1
29-01-2024,03,MM,,133,4,0,0,0,0,day1
29-01-2024,03,MM,,150,1,0,0,0,2,day1
29-01-2024,03,PK,2001,100,1,0,0,0,5048,day1
29-01-2024,03,PK,2001,100,1,1,0,0,1,day1
29-01-2024,03,PK,2001,100,3,0,0,0,25,day1
29-01-2024,03,PK,2001,200,1,0,0,0,6,day1
29-01-2024,03,PK,2001,200,3,0,0,0,2,day1
29-01-2024,03,PK,4010,100,1,0,0,0,39,day1
29-01-2024,03,PK,4010,150,1,0,0,0,1,day1
29-01-2024,03,PK,4012,100,1,0,0,0,2856,day1
29-01-2024,03,PK,4012,100,1,1,0,0,12,day1
29-01-2024,03,PK,4012,100,3,0,0,0,19,day1
29-01-2024,03,PK,4012,300,2,1,0,0,4,day1
29-01-2024,03,PK,5000,100,1,0,0,1,4,day1
29-01-2024,03,PK,5004,300,2,0,0,0,3,day1
29-01-2024,03,PK,5030,150,1,0,0,0,5,day1
29-01-2024,03,PK,5031,100,1,0,0,0,317,day1
29-01-2024,03,PK,5031,100,1,1,0,0,2,day1
29-01-2024,03,PK,5031,100,3,0,0,0,1,day1
29-01-2024,03,PK,,100,1,0,0,0,214,day1
29-01-2024,03,PK,,133,4,0,0,0,0,day1
29-01-2024,03,PK,,150,1,0,0,0,2,day1
29-01-2024,04,MM,2001,100,1,0,0,0,7627,day1
29-01-2024,04,MM,2001,100,1,1,0,0,2,day1
29-01-2024,04,MM,2001,100,3,0,0,0,31,day1
29-01-2024,04,MM,2001,200,1,0,0,0,4,day1
29-01-2024,04,MM,4010,100,1,0,0,0,32,day1
29-01-2024,04,MM,4012,100,1,0,0,0,3472,day1
29-01-2024,04,MM,4012,100,1,1,0,0,14,day1
29-01-2024,04,MM,4012,100,3,0,0,0,34,day1
29-01-2024,04,MM,4012,300,2,1,0,0,5,day1
29-01-2024,04,MM,5004,300,2,0,0,0,14,day1
29-01-2024,04,MM,5030,150,1,0,0,0,7,day1
29-01-2024,04,MM,5031,100,1,0,0,0,289,day1
29-01-2024,04,MM,5031,100,3,0,0,0,5,day1
29-01-2024,04,MM,5031,300,2,1,0,0,1,day1
29-01-2024,04,MM,,100,1,0,0,0,272,day1
29-01-2024,04,MM,,100,1,1,0,0,5,day1
29-01-2024,04,MM,,133,4,0,0,0,0,day1
29-01-2024,04,MM,,150,1,0,0,0,1,day1
29-01-2024,04,PK,2001,100,1,0,0,0,7727,day1
29-01-2024,04,PK,2001,100,1,1,0,0,3,day1
29-01-2024,04,PK,2001,100,3,0,0,0,39,day1
29-01-2024,04,PK,2001,200,1,0,0,0,7,day1
29-01-2024,04,PK,2001,300,2,1,0,0,2,day1
29-01-2024,04,PK,4010,100,1,0,0,0,40,day1
29-01-2024,04,PK,4010,150,1,0,0,0,2,day1
29-01-2024,04,PK,4012,100,1,0,0,0,3503,day1
29-01-2024,04,PK,4012,100,1,1,0,0,9,day1
29-01-2024,04,PK,4012,100,3,0,0,0,35,day1
29-01-2024,04,PK,4012,150,1,0,0,0,2,day1
29-01-2024,04,PK,4012,300,2,1,0,0,18,day1
29-01-2024,04,PK,5004,300,2,0,0,0,9,day1
29-01-2024,04,PK,5030,150,1,0,0,0,9,day1
29-01-2024,04,PK,5031,100,1,0,0,0,309,day1
29-01-2024,04,PK,5031,100,3,0,0,0,5,day1
29-01-2024,04,PK,5031,150,1,0,0,0,2,day1
29-01-2024,04,PK,5031,300,2,1,0,0,1,day1
29-01-2024,04,PK,,100,1,0,0,0,242,day1
29-01-2024,04,PK,,100,1,1,0,0,5,day1
29-01-2024,04,PK,,133,4,0,0,0,0,day1
29-01-2024,05,MM,2001,100,1,0,0,0,16943,day1
29-01-2024,05,MM,2001,100,1,1,0,0,2,day1
29-01-2024,05,MM,2001,100,3,0,0,0,82,day1
29-01-2024,05,MM,2001,200,1,0,0,0,27,day1
29-01-2024,05,MM,2001,200,3,0,0,0,1,day1
29-01-2024,05,MM,2001,300,2,1,0,0,1,day1
29-01-2024,05,MM,4010,100,1,0,0,0,50,day1
29-01-2024,05,MM,4010,150,1,0,0,0,3,day1
29-01-2024,05,MM,4012,100,1,0,0,0,7481,day1
29-01-2024,05,MM,4012,100,1,1,0,0,11,day1
29-01-2024,05,MM,4012,100,3,0,0,0,80,day1
29-01-2024,05,MM,4012,300,2,1,0,0,21,day1
29-01-2024,05,MM,5004,300,2,0,0,0,19,day1
29-01-2024,05,MM,5030,150,1,0,0,0,14,day1
29-01-2024,05,MM,5031,100,1,0,0,0,417,day1
29-01-2024,05,MM,5031,100,1,1,0,0,5,day1
29-01-2024,05,MM,5031,100,3,0,0,0,12,day1
29-01-2024,05,MM,,100,1,0,0,0,633,day1
29-01-2024,05,MM,,100,1,1,0,0,1,day1
29-01-2024,05,MM,,133,4,0,0,0,0,day1
29-01-2024,05,MM,,150,1,0,0,0,2,day1
29-01-2024,05,PK,2001,100,1,0,0,0,17238,day1
29-01-2024,05,PK,2001,100,1,1,0,0,3,day1
29-01-2024,05,PK,2001,100,3,0,0,0,80,day1
29-01-2024,05,PK,2001,200,1,0,0,0,34,day1
29-01-2024,05,PK,2001,300,2,1,0,0,2,day1
29-01-2024,05,PK,4010,100,1,0,0,0,54,day1
29-01-2024,05,PK,4010,100,1,1,0,0,2,day1
29-01-2024,05,PK,4010,100,3,0,0,0,1,day1
29-01-2024,05,PK,4010,150,1,0,0,0,1,day1
29-01-2024,05,PK,4012,100,1,0,0,0,7419,day1
29-01-2024,05,PK,4012,100,1,1,0,0,10,day1
29-01-2024,05,PK,4012,100,3,0,0,0,69,day1
29-01-2024,05,PK,4012,300,2,1,0,0,17,day1
29-01-2024,05,PK,5004,300,2,0,0,0,21,day1
29-01-2024,05,PK,5030,150,1,0,0,0,9,day1
29-01-2024,05,PK,5031,100,1,0,0,0,408,day1
29-01-2024,05,PK,5031,100,1,1,0,0,9,day1
29-01-2024,05,PK,5031,100,3,0,0,0,7,day1
29-01-2024,05,PK,,100,1,0,0,0,588,day1
29-01-2024,05,PK,,100,1,1,0,0,2,day1
29-01-2024,05,PK,,133,4,0,0,0,0,day1
29-01-2024,05,PK,,150,1,0,0,0,2,day1
29-01-2024,06,MM,2001,100,1,0,0,0,29290,day1
29-01-2024,06,MM,2001,100,1,1,0,0,5,day1
29-01-2024,06,MM,2001,100,3,0,0,0,153,day1
29-01-2024,06,MM,2001,200,1,0,0,0,39,day1
29-01-2024,06,MM,2001,200,3,0,0,0,2,day1
29-01-2024,06,MM,2001,300,2,1,0,0,1,day1
29-01-2024,06,MM,4010,100,1,0,0,0,468,day1
29-01-2024,06,MM,4010,100,3,0,0,0,1,day1
29-01-2024,06,MM,4010,150,1,0,0,0,2,day1
29-01-2024,06,MM,4012,100,1,0,0,0,13792,day1
29-01-2024,06,MM,4012,100,1,1,0,0,12,day1
29-01-2024,06,MM,4012,100,3,0,0,0,133,day1
29-01-2024,06,MM,4012,300,2,1,0,0,19,day1
29-01-2024,06,MM,5004,300,2,0,0,0,17,day1
29-01-2024,06,MM,5005,100,1,0,0,1,1,day1
29-01-2024,06,MM,5030,150,1,0,0,0,18,day1
29-01-2024,06,MM,5031,100,1,0,0,0,721,day1
29-01-2024,06,MM,5031,100,1,1,0,0,1,day1
29-01-2024,06,MM,5031,100,3,0,0,0,4,day1
29-01-2024,06,MM,5031,150,1,0,0,0,1,day1
29-01-2024,06,MM,5031,200,1,0,0,0,3,day1
29-01-2024,06,MM,,100,1,0,0,0,1076,day1
29-01-2024,06,MM,,100,1,1,0,0,1,day1
29-01-2024,06,MM,,133,4,0,0,0,0,day1
29-01-2024,06,MM,,150,1,0,0,0,1,day1
29-01-2024,06,MM,,200,1,0,0,0,1,day1
29-01-2024,06,PK,2001,100,1,0,0,0,29357,day1
29-01-2024,06,PK,2001,100,1,1,0,0,1,day1
29-01-2024,06,PK,2001,100,3,0,0,0,153,day1
29-01-2024,06,PK,2001,150,1,0,0,0,1,day1
29-01-2024,06,PK,2001,200,1,0,0,0,49,day1
29-01-2024,06,PK,2001,200,3,0,0,0,2,day1
29-01-2024,06,PK,2001,300,2,1,0,0,3,day1
29-01-2024,06,PK,4010,100,1,0,0,0,501,day1
29-01-2024,06,PK,4010,150,1,0,0,0,2,day1
29-01-2024,06,PK,4012,100,1,0,0,0,13873,day1
29-01-2024,06,PK,4012,100,1,1,0,0,27,day1
29-01-2024,06,PK,4012,100,3,0,0,0,149,day1
29-01-2024,06,PK,4012,300,2,1,0,0,24,day1
29-01-2024,06,PK,5004,300,2,0,0,0,18,day1
29-01-2024,06,PK,5030,150,1,0,0,0,20,day1
29-01-2024,06,PK,5031,100,1,0,0,0,695,day1
29-01-2024,06,PK,5031,100,1,1,0,0,1,day1
29-01-2024,06,PK,5031,100,3,0,0,0,11,day1
29-01-2024,06,PK,5031,150,1,0,0,0,1,day1
29-01-2024,06,PK,5031,200,1,0,0,0,2,day1
29-01-2024,06,PK,,100,1,0,0,0,1025,day1
29-01-2024,06,PK,,100,1,1,0,0,7,day1
29-01-2024,06,PK,,133,4,0,0,0,0,day1
29-01-2024,07,MM,2001,100,1,0,0,0,39179,day1
29-01-2024,07,MM,2001,100,1,1,0,0,4,day1
29-01-2024,07,MM,2001,100,3,0,0,0,461,day1
29-01-2024,07,MM,2001,150,1,0,0,0,1,day1
29-01-2024,07,MM,2001,200,1,0,0,0,81,day1
29-01-2024,07,MM,2001,200,3,0,0,0,6,day1
29-01-2024,07,MM,2001,300,2,1,0,0,17,day1
29-01-2024,07,MM,4010,100,1,0,0,0,436,day1
29-01-2024,07,MM,4010,100,3,0,0,0,4,day1
29-01-2024,07,MM,4012,100,1,0,0,0,17338,day1
29-01-2024,07,MM,4012,100,1,1,0,0,9,day1
29-01-2024,07,MM,4012,100,3,0,0,0,396,day1
29-01-2024,07,MM,4012,150,1,0,0,0,1,day1
29-01-2024,07,MM,4012,300,2,1,0,0,107,day1
29-01-2024,07,MM,5004,300,2,0,0,0,93,day1
29-01-2024,07,MM,5005,100,1,0,0,1,1,day1
29-01-2024,07,MM,5030,150,1,0,0,0,41,day1
29-01-2024,07,MM,5031,100,1,0,0,0,962,day1
29-01-2024,07,MM,5031,100,1,1,0,0,2,day1
29-01-2024,07,MM,5031,100,3,0,0,0,29,day1
29-01-2024,07,MM,5031,200,1,0,0,0,2,day1
29-01-2024,07,MM,5031,300,2,1,0,0,1,day1
29-01-2024,07,MM,,100,1,0,0,0,1266,day1
29-01-2024,07,MM,,133,4,0,0,0,0,day1
29-01-2024,07,MM,,150,1,0,0,0,3,day1
29-01-2024,07,PK,2001,100,1,0,0,0,39019,day1
29-01-2024,07,PK,2001,100,1,1,0,0,3,day1
29-01-2024,07,PK,2001,100,3,0,0,0,487,day1
29-01-2024,07,PK,2001,200,1,0,0,0,85,day1
29-01-2024,07,PK,2001,200,3,0,0,0,3,day1
29-01-2024,07,PK,2001,300,2,1,0,0,21,day1
29-01-2024,07,PK,4010,100,1,0,0,0,425,day1
29-01-2024,07,PK,4010,100,3,0,0,0,3,day1
29-01-2024,07,PK,4010,150,1,0,0,0,3,day1
29-01-2024,07,PK,4012,100,1,0,0,0,17297,day1
29-01-2024,07,PK,4012,100,1,1,0,0,18,day1
29-01-2024,07,PK,4012,100,3,0,0,0,358,day1
29-01-2024,07,PK,4012,200,1,0,0,0,1,day1
29-01-2024,07,PK,4012,300,2,1,0,0,108,day1
29-01-2024,07,PK,5004,300,2,0,0,0,82,day1
29-01-2024,07,PK,5030,100,1,0,0,0,1,day1
29-01-2024,07,PK,5030,150,1,0,0,0,23,day1
29-01-2024,07,PK,5031,100,1,0,0,0,954,day1
29-01-2024,07,PK,5031,100,3,0,0,0,35,day1
29-01-2024,07,PK,5031,200,1,0,0,0,1,day1
29-01-2024,07,PK,5031,300,2,1,0,0,1,day1
29-01-2024,07,PK,,100,1,0,0,0,1300,day1
29-01-2024,07,PK,,133,4,0,0,0,0,day1
29-01-2024,07,PK,,150,1,0,0,0,1,day1
29-01-2024,08,MM,2001,100,1,0,0,0,45647,day1
29-01-2024,08,MM,2001,100,1,1,0,0,2,day1
29-01-2024,08,MM,2001,100,3,0,0,0,3649,day1
29-01-2024,08,MM,2001,200,1,0,0,0,531,day1
29-01-2024,08,MM,2001,200,3,0,0,0,27,day1
29-01-2024,08,MM,2001,300,2,1,0,0,81,day1
29-01-2024,08,MM,2001,400,2,1,0,0,2,day1
29-01-2024,08,MM,4010,100,1,0,0,0,425,day1
29-01-2024,08,MM,4010,100,3,0,0,0,13,day1
29-01-2024,08,MM,4010,150,1,0,0,0,5,day1
29-01-2024,08,MM,4012,100,1,0,0,0,20872,day1
29-01-2024,08,MM,4012,100,1,1,0,0,28,day1
29-01-2024,08,MM,4012,100,3,0,0,0,2445,day1
29-01-2024,08,MM,4012,300,2,1,0,0,1165,day1
29-01-2024,08,MM,4012,400,2,1,0,0,2,day1
29-01-2024,08,MM,5004,300,2,0,0,0,1242,day1
29-01-2024,08,MM,5004,300,3,0,0,0,4,day1
29-01-2024,08,MM,5004,400,2,0,0,0,1,day1
29-01-2024,08,MM,5005,100,1,0,0,1,4,day1
29-01-2024,08,MM,5030,100,1,0,0,0,1,day1
29-01-2024,08,MM,5030,100,1,1,0,0,2,day1
29-01-2024,08,MM,5030,150,1,0,0,0,44,day1
29-01-2024,08,MM,5031,100,1,0,0,0,1111,day1
29-01-2024,08,MM,5031,100,1,1,0,0,2,day1
29-01-2024,08,MM,5031,100,3,0,0,0,172,day1
29-01-2024,08,MM,5031,200,1,0,0,0,2,day1
29-01-2024,08,MM,5031,300,2,1,0,0,3,day1
29-01-2024,08,MM,,100,1,0,0,0,1452,day1
29-01-2024,08,MM,,100,1,1,0,0,1,day1
29-01-2024,08,MM,,133,4,0,0,0,0,day1
29-01-2024,08,MM,,150,1,0,0,0,4,day1
29-01-2024,08,PK,2001,100,1,0,0,0,45713,day1
29-01-2024,08,PK,2001,100,1,1,0,0,1,day1
29-01-2024,08,PK,2001,100,3,0,0,0,3721,day1
29-01-2024,08,PK,2001,200,1,0,0,0,515,day1
29-01-2024,08,PK,2001,200,3,0,0,0,34,day1
29-01-2024,08,PK,2001,300,2,1,0,0,75,day1
29-01-2024,08,PK,2001,400,2,1,0,0,2,day1
29-01-2024,08,PK,4010,100,1,0,0,0,456,day1
29-01-2024,08,PK,4010,100,3,0,0,0,17,day1
29-01-2024,08,PK,4010,150,1,0,0,0,5,day1
29-01-2024,08,PK,4012,100,1,0,0,0,20615,day1
29-01-2024,08,PK,4012,100,1,1,0,0,52,day1
29-01-2024,08,PK,4012,100,3,0,0,0,2563,day1
29-01-2024,08,PK,4012,300,2,1,0,0,1114,day1
29-01-2024,08,PK,4012,300,3,1,0,0,1,day1
29-01-2024,08,PK,4012,400,2,1,0,0,3,day1
29-01-2024,08,PK,5004,100,3,0,0,1,0,day1
29-01-2024,08,PK,5004,300,2,0,0,0,1205,day1
29-01-2024,08,PK,5004,300,3,0,0,0,6,day1
29-01-2024,08,PK,5005,100,1,0,0,1,1,day1
29-01-2024,08,PK,5030,100,1,1,0,0,1,day1
29-01-2024,08,PK,5030,150,1,0,0,0,30,day1
29-01-2024,08,PK,5031,100,1,0,0,0,1058,day1
29-01-2024,08,PK,5031,100,1,1,0,0,3,day1
29-01-2024,08,PK,5031,100,3,0,0,0,192,day1
29-01-2024,08,PK,5031,200,1,0,0,0,5,day1
29-01-2024,08,PK,5031,300,2,1,0,0,5,day1
29-01-2024,08,PK,,100,1,0,0,0,1422,day1
29-01-2024,08,PK,,133,4,0,0,0,0,day1
29-01-2024,08,PK,,150,1,0,0,0,4,day1
29-01-2024,09,MM,2001,100,1,0,0,0,51950,day1
29-01-2024,09,MM,2001,100,1,1,0,0,3,day1
29-01-2024,09,MM,2001,100,3,0,0,0,3974,day1
29-01-2024,09,MM,2001,150,1,0,0,0,1,day1
29-01-2024,09,MM,2001,200,1,0,0,0,960,day1
29-01-2024,09,MM,2001,200,1,1,0,0,1,day1
29-01-2024,09,MM,2001,200,3,0,0,0,16,day1
29-01-2024,09,MM,2001,300,2,1,0,0,95,day1
29-01-2024,09,MM,2001,400,2,1,0,0,2,day1
29-01-2024,09,MM,4010,100,1,0,0,0,481,day1
29-01-2024,09,MM,4010,100,3,0,0,0,25,day1
29-01-2024,09,MM,4010,150,1,0,0,0,8,day1
29-01-2024,09,MM,4010,300,2,1,0,0,14,day1
29-01-2024,09,MM,4012,100,1,0,0,0,22961,day1
29-01-2024,09,MM,4012,100,1,1,0,0,28,day1
29-01-2024,09,MM,4012,100,3,0,0,0,2725,day1
29-01-2024,09,MM,4012,200,1,0,0,0,1,day1
29-01-2024,09,MM,4012,300,2,1,0,0,1507,day1
29-01-2024,09,MM,4012,300,3,1,0,0,4,day1
29-01-2024,09,MM,4012,400,2,1,0,0,1,day1
29-01-2024,09,MM,5004,300,2,0,0,0,1925,day1
29-01-2024,09,MM,5004,300,3,0,0,0,2,day1
29-01-2024,09,MM,5030,100,1,0,0,0,2,day1
29-01-2024,09,MM,5030,150,1,0,0,0,20,day1
29-01-2024,09,MM,5031,100,1,0,0,0,1454,day1
29-01-2024,09,MM,5031,100,1,1,0,0,10,day1
29-01-2024,09,MM,5031,100,3,0,0,0,210,day1
29-01-2024,09,MM,5031,150,1,0,0,0,1,day1
29-01-2024,09,MM,5031,200,1,0,0,0,5,day1
29-01-2024,09,MM,5031,300,2,1,0,0,8,day1
29-01-2024,09,MM,,100,1,0,0,0,1518,day1
29-01-2024,09,MM,,100,1,1,0,0,2,day1
29-01-2024,09,MM,,133,4,0,0,0,0,day1
29-01-2024,09,MM,,150,1,0,0,0,4,day1
29-01-2024,09,PK,2001,100,1,0,0,0,51592,day1
29-01-2024,09,PK,2001,100,1,1,0,0,1,day1
29-01-2024,09,PK,2001,100,3,0,0,0,4048,day1
29-01-2024,09,PK,2001,150,1,0,0,0,3,day1
29-01-2024,09,PK,2001,200,1,0,0,0,937,day1
29-01-2024,09,PK,2001,200,3,0,0,0,27,day1
29-01-2024,09,PK,2001,300,2,1,0,0,121,day1
29-01-2024,09,PK,2001,400,2,1,0,0,7,day1
29-01-2024,09,PK,4010,100,1,0,0,0,470,day1
29-01-2024,09,PK,4010,100,3,0,0,0,22,day1
29-01-2024,09,PK,4010,150,1,0,0,0,6,day1
29-01-2024,09,PK,4010,300,2,1,0,0,8,day1
29-01-2024,09,PK,4012,100,1,0,0,0,23055,day1
29-01-2024,09,PK,4012,100,1,1,0,0,19,day1
29-01-2024,09,PK,4012,100,3,0,0,0,2778,day1
29-01-2024,09,PK,4012,200,1,0,0,0,1,day1
29-01-2024,09,PK,4012,300,2,1,0,0,1409,day1
29-01-2024,09,PK,4012,300,3,1,0,0,5,day1
29-01-2024,09,PK,4012,400,2,1,0,0,3,day1
29-01-2024,09,PK,5004,300,2,0,0,0,1966,day1
29-01-2024,09,PK,5004,300,3,0,0,0,6,day1
29-01-2024,09,PK,5004,400,2,0,0,0,2,day1
29-01-2024,09,PK,5030,100,1,0,0,0,1,day1
29-01-2024,09,PK,5030,150,1,0,0,0,34,day1
29-01-2024,09,PK,5031,100,1,0,0,0,1423,day1
29-01-2024,09,PK,5031,100,1,1,0,0,8,day1
29-01-2024,09,PK,5031,100,3,0,0,0,226,day1
29-01-2024,09,PK,5031,150,1,0,0,0,1,day1
29-01-2024,09,PK,5031,200,1,0,0,0,3,day1
29-01-2024,09,PK,5031,300,2,1,0,0,10,day1
29-01-2024,09,PK,,100,1,0,0,0,1483,day1
29-01-2024,09,PK,,100,1,1,0,0,2,day1
29-01-2024,09,PK,,133,4,0,0,0,0,day1
29-01-2024,09,PK,,150,1,0,0,0,4,day1
29-01-2024,09,PK,,200,1,0,0,0,5,day1
29-01-2024,10,MM,2001,100,1,0,0,0,55235,day1
29-01-2024,10,MM,2001,100,1,1,0,0,9,day1
29-01-2024,10,MM,2001,100,3,0,0,0,4349,day1
29-01-2024,10,MM,2001,150,1,0,0,0,1,day1
29-01-2024,10,MM,2001,200,1,0,0,0,1022,day1
29-01-2024,10,MM,2001,200,3,0,0,0,16,day1
29-01-2024,10,MM,2001,300,2,1,0,0,113,day1
29-01-2024,10,MM,2001,400,2,1,0,0,3,day1
29-01-2024,10,MM,4010,100,1,0,0,0,258,day1
29-01-2024,10,MM,4010,100,3,0,0,0,40,day1
29-01-2024,10,MM,4010,150,1,0,0,0,5,day1
29-01-2024,10,MM,4010,200,1,0,0,0,1,day1
29-01-2024,10,MM,4012,100,1,0,0,0,24486,day1
29-01-2024,10,MM,4012,100,1,1,0,0,22,day1
29-01-2024,10,MM,4012,100,3,0,0,0,2672,day1
29-01-2024,10,MM,4012,200,1,0,0,0,19,day1
29-01-2024,10,MM,4012,300,2,1,0,0,1506,day1
29-01-2024,10,MM,4012,300,3,1,0,0,5,day1
29-01-2024,10,MM,5004,300,2,0,0,0,1749,day1
29-01-2024,10,MM,5004,300,3,0,0,0,2,day1
29-01-2024,10,MM,5004,400,2,0,0,0,1,day1
29-01-2024,10,MM,5005,100,1,0,0,1,1,day1
29-01-2024,10,MM,5030,100,1,0,0,0,2,day1
29-01-2024,10,MM,5030,100,1,1,0,0,1,day1
29-01-2024,10,MM,5030,150,1,0,0,0,45,day1
29-01-2024,10,MM,5031,100,1,0,0,0,1570,day1
29-01-2024,10,MM,5031,100,1,1,0,0,6,day1
29-01-2024,10,MM,5031,100,3,0,0,0,209,day1
29-01-2024,10,MM,5031,150,1,0,0,0,1,day1
29-01-2024,10,MM,5031,200,1,0,0,0,5,day1
29-01-2024,10,MM,5031,300,2,1,0,0,6,day1
29-01-2024,10,MM,,100,1,0,0,0,1619,day1
29-01-2024,10,MM,,100,1,1,0,0,3,day1
29-01-2024,10,MM,,133,4,0,0,0,0,day1
29-01-2024,10,MM,,150,1,0,0,0,1,day1
29-01-2024,10,PK,2001,100,1,0,0,0,55716,day1
29-01-2024,10,PK,2001,100,1,1,0,0,5,day1
29-01-2024,10,PK,2001,100,3,0,0,0,4242,day1
29-01-2024,10,PK,2001,150,1,0,0,0,1,day1
29-01-2024,10,PK,2001,200,1,0,0,0,1013,day1
29-01-2024,10,PK,2001,200,3,0,0,0,15,day1
29-01-2024,10,PK,2001,300,2,1,0,0,103,day1
29-01-2024,10,PK,2001,400,2,1,0,0,4,day1
29-01-2024,10,PK,4010,100,1,0,0,0,294,day1
29-01-2024,10,PK,4010,100,3,0,0,0,31,day1
29-01-2024,10,PK,4010,150,1,0,0,0,9,day1
29-01-2024,10,PK,4010,200,1,0,0,0,2,day1
29-01-2024,10,PK,4012,100,1,0,0,0,24418,day1
29-01-2024,10,PK,4012,100,1,1,0,0,27,day1
29-01-2024,10,PK,4012,100,3,0,0,0,2647,day1
29-01-2024,10,PK,4012,200,1,0,0,0,26,day1
29-01-2024,10,PK,4012,300,2,1,0,0,1495,day1
29-01-2024,10,PK,4012,300,3,1,0,0,4,day1
29-01-2024,10,PK,5004,300,2,0,0,0,1682,day1
29-01-2024,10,PK,5004,300,3,0,0,0,1,day1
29-01-2024,10,PK,5004,400,2,0,0,0,1,day1
29-01-2024,10,PK,5030,100,1,0,0,0,1,day1
29-01-2024,10,PK,5030,100,1,1,0,0,5,day1
29-01-2024,10,PK,5030,150,1,0,0,0,55,day1
29-01-2024,10,PK,5031,100,1,0,0,0,1583,day1
29-01-2024,10,PK,5031,100,1,1,0,0,12,day1
29-01-2024,10,PK,5031,100,3,0,0,0,205,day1
29-01-2024,10,PK,5031,150,1,0,0,0,5,day1
29-01-2024,10,PK,5031,200,1,0,0,0,6,day1
29-01-2024,10,PK,5031,300,2,1,0,0,8,day1
29-01-2024,10,PK,,100,1,0,0,0,1643,day1
29-01-2024,10,PK,,133,4,0,0,0,0,day1
29-01-2024,10,PK,,150,1,0,0,0,5,day1
29-01-2024,11,MM,2001,100,1,0,0,0,55701,day1
29-01-2024,11,MM,2001,100,1,1,0,0,9,day1
29-01-2024,11,MM,2001,100,3,0,0,0,3731,day1
29-01-2024,11,MM,2001,200,1,0,0,0,776,day1
29-01-2024,11,MM,2001,200,3,0,0,0,18,day1
29-01-2024,11,MM,2001,300,2,1,0,0,68,day1
29-01-2024,11,MM,2001,400,2,1,0,0,2,day1
29-01-2024,11,MM,4010,100,1,0,0,0,234,day1
29-01-2024,11,MM,4010,100,3,0,0,0,18,day1
29-01-2024,11,MM,4010,150,1,0,0,0,7,day1
29-01-2024,11,MM,4012,100,1,0,0,0,24662,day1
29-01-2024,11,MM,4012,100,1,1,0,0,63,day1
29-01-2024,11,MM,4012,100,3,0,0,0,2367,day1
29-01-2024,11,MM,4012,200,1,0,0,0,37,day1
29-01-2024,11,MM,4012,300,2,1,0,0,1307,day1
29-01-2024,11,MM,4012,300,3,1,0,0,7,day1
29-01-2024,11,MM,5004,300,2,0,0,0,1429,day1
29-01-2024,11,MM,5004,300,3,0,0,0,1,day1
29-01-2024,11,MM,5004,400,2,0,0,0,3,day1
29-01-2024,11,MM,5030,100,1,0,0,0,2,day1
29-01-2024,11,MM,5030,150,1,0,0,0,37,day1
29-01-2024,11,MM,5030,200,1,0,0,0,1,day1
29-01-2024,11,MM,5031,100,1,0,0,0,1502,day1
29-01-2024,11,MM,5031,100,1,1,0,0,5,day1
29-01-2024,11,MM,5031,100,3,0,0,0,200,day1
29-01-2024,11,MM,5031,150,1,0,0,0,2,day1
29-01-2024,11,MM,5031,200,1,0,0,0,4,day1
29-01-2024,11,MM,5031,300,2,1,0,0,2,day1
29-01-2024,11,MM,,100,1,0,0,0,1654,day1
29-01-2024,11,MM,,100,1,1,0,0,3,day1
29-01-2024,11,MM,,133,4,0,0,0,0,day1
29-01-2024,11,MM,,150,1,0,0,0,2,day1
29-01-2024,11,PK,2001,100,1,0,0,0,55689,day1
29-01-2024,11,PK,2001,100,1,1,0,0,5,day1
29-01-2024,11,PK,2001,100,3,0,0,0,3820,day1
29-01-2024,11,PK,2001,200,1,0,0,0,777,day1
29-01-2024,11,PK,2001,200,3,0,0,0,21,day1
29-01-2024,11,PK,2001,300,2,1,0,0,92,day1
29-01-2024,11,PK,2001,400,2,1,0,0,2,day1
29-01-2024,11,PK,4010,100,1,0,0,0,268,day1
29-01-2024,11,PK,4010,100,1,1,0,0,1,day1
29-01-2024,11,PK,4010,100,3,0,0,0,28,day1
29-01-2024,11,PK,4010,150,1,0,0,0,9,day1
29-01-2024,11,PK,4010,300,2,1,0,0,1,day1
29-01-2024,11,PK,4012,100,1,0,0,0,25026,day1
29-01-2024,11,PK,4012,100,1,1,0,0,67,day1
29-01-2024,11,PK,4012,100,3,0,0,0,2412,day1
29-01-2024,11,PK,4012,200,1,0,0,0,47,day1
29-01-2024,11,PK,4012,300,2,1,0,0,1232,day1
29-01-2024,11,PK,4012,300,3,1,0,0,3,day1
29-01-2024,11,PK,5004,300,2,0,0,0,1425,day1
29-01-2024,11,PK,5004,300,3,0,0,0,2,day1
29-01-2024,11,PK,5004,400,2,0,0,0,3,day1
29-01-2024,11,PK,5030,100,1,0,0,0,3,day1
29-01-2024,11,PK,5030,150,1,0,0,0,33,day1
29-01-2024,11,PK,5031,100,1,0,0,0,1479,day1
29-01-2024,11,PK,5031,100,1,1,0,0,2,day1
29-01-2024,11,PK,5031,100,3,0,0,0,179,day1
29-01-2024,11,PK,5031,150,1,0,0,0,2,day1
29-01-2024,11,PK,5031,200,1,0,0,0,5,day1
29-01-2024,11,PK,5031,300,2,1,0,0,5,day1
29-01-2024,11,PK,,100,1,0,0,0,1753,day1
29-01-2024,11,PK,,100,1,1,0,0,1,day1
29-01-2024,11,PK,,133,4,0,0,0,0,day1
29-01-2024,11,PK,,150,1,0,0,0,3,day1
29-01-2024,11,PK,,200,1,0,0,0,1,day1
29-01-2024,12,MM,2001,100,1,0,0,0,56354,day1
29-01-2024,12,MM,2001,100,1,1,0,0,7,day1
29-01-2024,12,MM,2001,100,3,0,0,0,3768,day1
29-01-2024,12,MM,2001,200,1,0,0,0,295,day1
29-01-2024,12,MM,2001,200,3,0,0,0,17,day1
29-01-2024,12,MM,2001,300,2,1,0,0,98,day1
29-01-2024,12,MM,4010,100,1,0,0,0,276,day1
29-01-2024,12,MM,4010,100,3,0,0,0,21,day1
29-01-2024,12,MM,4010,150,1,0,0,0,12,day1
29-01-2024,12,MM,4012,100,1,0,0,0,26638,day1
29-01-2024,12,MM,4012,100,1,1,0,0,44,day1
29-01-2024,12,MM,4012,100,3,0,0,0,2600,day1
29-01-2024,12,MM,4012,150,1,0,0,0,3,day1
29-01-2024,12,MM,4012,200,1,0,0,0,3,day1
29-01-2024,12,MM,4012,300,2,1,0,0,1070,day1
29-01-2024,12,MM,5004,300,2,0,0,0,1161,day1
29-01-2024,12,MM,5004,300,3,0,0,0,5,day1
29-01-2024,12,MM,5030,100,1,0,0,0,1,day1
29-01-2024,12,MM,5030,150,1,0,0,0,40,day1
29-01-2024,12,MM,5031,100,1,0,0,0,1592,day1
29-01-2024,12,MM,5031,100,1,1,0,0,3,day1
29-01-2024,12,MM,5031,100,3,0,0,0,188,day1
29-01-2024,12,MM,5031,200,1,0,0,0,6,day1
29-01-2024,12,MM,5031,300,2,1,0,0,4,day1
29-01-2024,12,MM,,100,1,0,0,0,1781,day1
29-01-2024,12,MM,,100,1,1,0,0,1,day1
29-01-2024,12,MM,,133,4,0,0,0,0,day1
29-01-2024,12,MM,,150,1,0,0,0,5,day1
29-01-2024,12,PK,2001,100,1,0,0,0,56424,day1
29-01-2024,12,PK,2001,100,1,1,0,0,4,day1
29-01-2024,12,PK,2001,100,3,0,0,0,3884,day1
29-01-2024,12,PK,2001,200,1,0,0,0,292,day1
29-01-2024,12,PK,2001,200,3,0,0,0,15,day1
29-01-2024,12,PK,2001,300,2,1,0,0,89,day1
29-01-2024,12,PK,2001,400,2,1,0,0,1,day1
29-01-2024,12,PK,4010,100,1,0,0,0,288,day1
29-01-2024,12,PK,4010,100,3,0,0,0,24,day1
29-01-2024,12,PK,4010,150,1,0,0,0,4,day1
29-01-2024,12,PK,4012,100,1,0,0,0,26568,day1
29-01-2024,12,PK,4012,100,1,1,0,0,47,day1
29-01-2024,12,PK,4012,100,3,0,0,0,2497,day1
29-01-2024,12,PK,4012,150,1,0,0,0,1,day1
29-01-2024,12,PK,4012,200,1,0,0,0,4,day1
29-01-2024,12,PK,4012,300,2,1,0,0,1018,day1
29-01-2024,12,PK,4012,300,3,1,0,0,1,day1
29-01-2024,12,PK,5004,300,2,0,0,0,1155,day1
29-01-2024,12,PK,5004,300,3,0,0,0,7,day1
29-01-2024,12,PK,5030,100,1,0,0,0,3,day1
29-01-2024,12,PK,5030,100,3,0,0,0,1,day1
29-01-2024,12,PK,5030,150,1,0,0,0,38,day1
29-01-2024,12,PK,5031,100,1,0,0,0,1515,day1
29-01-2024,12,PK,5031,100,1,1,0,0,7,day1
29-01-2024,12,PK,5031,100,3,0,0,0,221,day1
29-01-2024,12,PK,5031,300,2,1,0,0,3,day1
29-01-2024,12,PK,,100,1,0,0,0,1797,day1
29-01-2024,12,PK,,100,1,1,0,0,3,day1
29-01-2024,12,PK,,133,4,0,0,0,0,day1
29-01-2024,12,PK,,150,1,0,0,0,3,day1
29-01-2024,13,MM,2001,100,1,0,0,0,54740,day1
29-01-2024,13,MM,2001,100,1,1,0,0,23,day1
29-01-2024,13,MM,2001,100,3,0,0,0,3449,day1
29-01-2024,13,MM,2001,200,1,0,0,0,815,day1
29-01-2024,13,MM,2001,200,3,0,0,0,24,day1
29-01-2024,13,MM,2001,300,2,1,0,0,81,day1
29-01-2024,13,MM,2001,400,2,1,0,0,3,day1
29-01-2024,13,MM,4010,100,1,0,0,0,264,day1
29-01-2024,13,MM,4010,100,3,0,0,0,21,day1
29-01-2024,13,MM,4010,150,1,0,0,0,6,day1
29-01-2024,13,MM,4010,200,1,0,0,0,2,day1
29-01-2024,13,MM,4010,200,3,0,0,0,1,day1
29-01-2024,13,MM,4012,100,1,0,0,0,25239,day1
29-01-2024,13,MM,4012,100,1,1,0,0,45,day1
29-01-2024,13,MM,4012,100,3,0,0,0,2085,day1
29-01-2024,13,MM,4012,150,1,0,0,0,1,day1
29-01-2024,13,MM,4012,200,1,0,0,0,34,day1
29-01-2024,13,MM,4012,300,2,1,0,0,1091,day1
29-01-2024,13,MM,4012,300,3,1,0,0,2,day1
29-01-2024,13,MM,5004,300,2,0,0,0,1172,day1
29-01-2024,13,MM,5004,300,3,0,0,0,3,day1
29-01-2024,13,MM,5004,400,2,0,0,0,1,day1
29-01-2024,13,MM,5005,100,1,0,0,1,1,day1
29-01-2024,13,MM,5030,100,1,0,0,0,2,day1
29-01-2024,13,MM,5030,150,1,0,0,0,40,day1
29-01-2024,13,MM,5031,100,1,0,0,0,1726,day1
29-01-2024,13,MM,5031,100,1,1,0,0,8,day1
29-01-2024,13,MM,5031,100,3,0,0,0,172,day1
29-01-2024,13,MM,5031,150,1,0,0,0,1,day1
29-01-2024,13,MM,5031,200,1,0,0,0,3,day1
29-01-2024,13,MM,5031,300,2,1,0,0,13,day1
29-01-2024,13,MM,,100,1,0,0,0,1761,day1
29-01-2024,13,MM,,100,1,1,0,0,8,day1
29-01-2024,13,MM,,133,4,0,0,0,0,day1
29-01-2024,13,MM,,150,1,0,0,0,3,day1
29-01-2024,13,PK,2001,100,1,0,0,0,54768,day1
29-01-2024,13,PK,2001,100,1,1,0,0,11,day1
29-01-2024,13,PK,2001,100,3,0,0,0,3496,day1
29-01-2024,13,PK,2001,200,1,0,0,0,819,day1
29-01-2024,13,PK,2001,200,3,0,0,0,24,day1
29-01-2024,13,PK,2001,300,2,1,0,0,81,day1
29-01-2024,13,PK,2001,400,2,1,0,0,2,day1
29-01-2024,13,PK,4010,100,1,0,0,0,310,day1
29-01-2024,13,PK,4010,100,1,1,0,0,1,day1
29-01-2024,13,PK,4010,100,3,0,0,0,17,day1
29-01-2024,13,PK,4010,150,1,0,0,0,6,day1
29-01-2024,13,PK,4010,200,1,0,0,0,3,day1
29-01-2024,13,PK,4012,100,1,0,0,0,25212,day1
29-01-2024,13,PK,4012,100,1,1,0,0,34,day1
29-01-2024,13,PK,4012,100,3,0,0,0,2067,day1
29-01-2024,13,PK,4012,200,1,0,0,0,22,day1
29-01-2024,13,PK,4012,300,2,1,0,0,1090,day1
29-01-2024,13,PK,4012,300,3,1,0,0,2,day1
29-01-2024,13,PK,4012,400,2,1,0,0,2,day1
29-01-2024,13,PK,5004,300,2,0,0,0,1140,day1
29-01-2024,13,PK,5004,300,3,0,0,0,1,day1
29-01-2024,13,PK,5004,400,2,0,0,0,2,day1
29-01-2024,13,PK,5005,100,1,0,0,1,3,day1
29-01-2024,13,PK,5030,100,1,0,0,0,3,day1
29-01-2024,13,PK,5030,150,1,0,0,0,29,day1
29-01-2024,13,PK,5031,100,1,0,0,0,1806,day1
29-01-2024,13,PK,5031,100,1,1,0,0,11,day1
29-01-2024,13,PK,5031,100,3,0,0,0,165,day1
29-01-2024,13,PK,5031,150,1,0,0,0,4,day1
29-01-2024,13,PK,5031,200,1,0,0,0,2,day1
29-01-2024,13,PK,5031,300,2,1,0,0,11,day1
29-01-2024,13,PK,,100,1,0,0,0,1756,day1
29-01-2024,13,PK,,100,1,1,0,0,8,day1
29-01-2024,13,PK,,133,4,0,0,0,0,day1
29-01-2024,13,PK,,150,1,0,0,0,1,day1
29-01-2024,14,MM,2001,100,1,0,0,0,44965,day1
29-01-2024,14,MM,2001,100,1,1,0,0,3,day1
29-01-2024,14,MM,2001,100,3,0,0,0,3207,day1
29-01-2024,14,MM,2001,200,1,0,0,0,854,day1
29-01-2024,14,MM,2001,200,3,0,0,0,25,day1
29-01-2024,14,MM,2001,300,2,1,0,0,80,day1
29-01-2024,14,MM,4010,100,1,0,0,0,220,day1
29-01-2024,14,MM,4010,100,3,0,0,0,28,day1
29-01-2024,14,MM,4010,150,1,0,0,0,7,day1
29-01-2024,14,MM,4010,200,1,0,0,0,1,day1
29-01-2024,14,MM,4012,100,1,0,0,0,20859,day1
29-01-2024,14,MM,4012,100,1,1,0,0,31,day1
29-01-2024,14,MM,4012,100,3,0,0,0,2048,day1
29-01-2024,14,MM,4012,200,1,0,0,0,41,day1
29-01-2024,14,MM,4012,200,3,0,0,0,2,day1
29-01-2024,14,MM,4012,300,2,1,0,0,1118,day1
29-01-2024,14,MM,4012,300,3,1,0,0,2,day1
29-01-2024,14,MM,5004,300,2,0,0,0,1144,day1
29-01-2024,14,MM,5004,300,3,0,0,0,6,day1
29-01-2024,14,MM,5004,400,2,0,0,0,18,day1
29-01-2024,14,MM,5005,100,1,0,0,1,2,day1
29-01-2024,14,MM,5030,100,1,0,0,0,4,day1
29-01-2024,14,MM,5030,150,1,0,0,0,49,day1
29-01-2024,14,MM,5031,100,1,0,0,0,1519,day1
29-01-2024,14,MM,5031,100,1,1,0,0,7,day1
29-01-2024,14,MM,5031,100,3,0,0,0,166,day1
29-01-2024,14,MM,5031,150,1,0,0,0,3,day1
29-01-2024,14,MM,5031,200,1,0,0,0,2,day1
29-01-2024,14,MM,5031,300,2,1,0,0,1,day1
29-01-2024,14,MM,,100,1,0,0,0,1492,day1
29-01-2024,14,MM,,133,4,0,0,0,0,day1
29-01-2024,14,MM,,150,1,0,0,0,8,day1
29-01-2024,14,PK,2001,100,1,0,0,0,45249,day1
29-01-2024,14,PK,2001,100,1,1,0,0,5,day1
29-01-2024,14,PK,2001,100,3,0,0,0,3131,day1
29-01-2024,14,PK,2001,200,1,0,0,0,858,day1
29-01-2024,14,PK,2001,200,3,0,0,0,23,day1
29-01-2024,14,PK,2001,300,2,1,0,0,85,day1
29-01-2024,14,PK,2001,300,3,1,0,0,1,day1
29-01-2024,14,PK,4010,100,1,0,0,0,253,day1
29-01-2024,14,PK,4010,100,3,0,0,0,16,day1
29-01-2024,14,PK,4010,150,1,0,0,0,6,day1
29-01-2024,14,PK,4012,100,1,0,0,0,21128,day1
29-01-2024,14,PK,4012,100,1,1,0,0,36,day1
29-01-2024,14,PK,4012,100,3,0,0,0,2118,day1
29-01-2024,14,PK,4012,200,1,0,0,0,33,day1
29-01-2024,14,PK,4012,300,2,1,0,0,1105,day1
29-01-2024,14,PK,4012,300,3,1,0,0,2,day1
29-01-2024,14,PK,5004,300,2,0,0,0,1129,day1
29-01-2024,14,PK,5004,300,3,0,0,0,1,day1
29-01-2024,14,PK,5004,400,2,0,0,0,14,day1
29-01-2024,14,PK,5030,100,1,0,0,0,5,day1
29-01-2024,14,PK,5030,150,1,0,0,0,26,day1
29-01-2024,14,PK,5030,150,1,1,0,0,1,day1
29-01-2024,14,PK,5031,100,1,0,0,0,1480,day1
29-01-2024,14,PK,5031,100,1,1,0,0,15,day1
29-01-2024,14,PK,5031,100,3,0,0,0,158,day1
29-01-2024,14,PK,5031,150,1,0,0,0,1,day1
29-01-2024,14,PK,5031,200,1,0,0,0,3,day1
29-01-2024,14,PK,5031,300,2,1,0,0,6,day1
29-01-2024,14,PK,,100,1,0,0,0,1405,day1
29-01-2024,14,PK,,100,1,1,0,0,1,day1
29-01-2024,14,PK,,133,4,0,0,0,0,day1
29-01-2024,14,PK,,150,1,0,0,0,4,day1
29-01-2024,14,PK,,200,1,0,0,0,1,day1
23-01-2024,00,MM,2001,100,1,0,0,0,12501,day7
23-01-2024,00,MM,2001,100,1,1,0,0,5,day7
23-01-2024,00,MM,2001,100,3,0,0,0,78,day7
23-01-2024,00,MM,2001,200,1,0,0,0,19,day7
23-01-2024,00,MM,4010,100,1,0,0,0,153,day7
23-01-2024,00,MM,4010,100,1,1,0,0,1,day7
23-01-2024,00,MM,4010,150,1,0,0,0,2,day7
23-01-2024,00,MM,4010,200,1,0,0,0,2,day7
23-01-2024,00,MM,4012,100,1,0,0,0,6722,day7
23-01-2024,00,MM,4012,100,1,1,0,0,21,day7
23-01-2024,00,MM,4012,100,3,0,0,0,61,day7
23-01-2024,00,MM,4012,300,2,1,0,0,26,day7
23-01-2024,00,MM,5004,300,2,0,0,0,27,day7
23-01-2024,00,MM,5030,150,1,0,0,0,26,day7
23-01-2024,00,MM,5031,100,1,0,0,0,1135,day7
23-01-2024,00,MM,5031,100,3,0,0,0,4,day7
23-01-2024,00,MM,5031,150,1,0,0,0,2,day7
23-01-2024,00,MM,,100,1,0,0,0,419,day7
23-01-2024,00,MM,,133,4,0,0,0,0,day7
23-01-2024,00,MM,,150,1,0,0,0,1,day7
23-01-2024,00,PK,2001,100,1,0,0,0,12358,day7
23-01-2024,00,PK,2001,100,1,1,0,0,6,day7
23-01-2024,00,PK,2001,100,3,0,0,0,72,day7
23-01-2024,00,PK,2001,200,1,0,0,0,14,day7
23-01-2024,00,PK,2001,300,2,1,0,0,2,day7
23-01-2024,00,PK,4010,100,1,0,0,0,121,day7
23-01-2024,00,PK,4010,150,1,0,0,0,1,day7
23-01-2024,00,PK,4012,100,1,0,0,0,6660,day7
23-01-2024,00,PK,4012,100,1,1,0,0,20,day7
23-01-2024,00,PK,4012,100,3,0,0,0,89,day7
23-01-2024,00,PK,4012,300,2,1,0,0,25,day7
23-01-2024,00,PK,5004,300,2,0,0,0,24,day7
23-01-2024,00,PK,5030,150,1,0,0,0,22,day7
23-01-2024,00,PK,5031,100,1,0,0,0,1107,day7
23-01-2024,00,PK,5031,100,3,0,0,0,6,day7
23-01-2024,00,PK,5031,150,1,0,0,0,1,day7
23-01-2024,00,PK,,100,1,0,0,0,412,day7
23-01-2024,00,PK,,100,1,1,0,0,1,day7
23-01-2024,00,PK,,133,4,0,0,0,0,day7
24-01-2024,00,MM,2001,100,1,0,0,0,85,day7
24-01-2024,00,MM,4010,100,1,0,0,0,1,day7
24-01-2024,00,MM,4012,100,1,0,0,0,48,day7
24-01-2024,00,MM,5004,300,2,0,0,0,1,day7
24-01-2024,00,MM,5031,100,1,0,0,0,16,day7
24-01-2024,00,MM,,100,1,0,0,0,4,day7
24-01-2024,00,PK,2001,100,1,0,0,0,81,day7
24-01-2024,00,PK,2001,100,3,0,0,0,1,day7
24-01-2024,00,PK,4012,100,1,0,0,0,39,day7
24-01-2024,00,PK,4012,100,3,0,0,0,1,day7
24-01-2024,00,PK,5031,100,1,0,0,0,11,day7
24-01-2024,00,PK,,100,1,0,0,0,2,day7
23-01-2024,01,MM,2001,100,1,0,0,0,8453,day7
23-01-2024,01,MM,2001,100,1,1,0,0,4,day7
23-01-2024,01,MM,2001,100,3,0,0,0,50,day7
23-01-2024,01,MM,2001,200,1,0,0,0,8,day7
23-01-2024,01,MM,4010,100,1,0,0,0,99,day7
23-01-2024,01,MM,4010,150,1,0,0,0,1,day7
23-01-2024,01,MM,4012,100,1,0,0,0,4492,day7
23-01-2024,01,MM,4012,100,1,1,0,0,42,day7
23-01-2024,01,MM,4012,100,3,0,0,0,45,day7
23-01-2024,01,MM,4012,300,2,1,0,0,27,day7
23-01-2024,01,MM,5004,300,2,0,0,0,18,day7
23-01-2024,01,MM,5030,150,1,0,0,0,13,day7
23-01-2024,01,MM,5031,100,1,0,0,0,544,day7
23-01-2024,01,MM,5031,100,1,1,0,0,3,day7
23-01-2024,01,MM,5031,100,3,0,0,0,12,day7
23-01-2024,01,MM,5031,150,1,0,0,0,1,day7
23-01-2024,01,MM,,100,1,0,0,0,285,day7
23-01-2024,01,MM,,133,4,0,0,0,0,day7
23-01-2024,01,MM,,150,1,0,0,0,1,day7
23-01-2024,01,PK,2001,100,1,0,0,0,8276,day7
23-01-2024,01,PK,2001,100,1,1,0,0,4,day7
23-01-2024,01,PK,2001,100,3,0,0,0,49,day7
23-01-2024,01,PK,2001,200,1,0,0,0,4,day7
23-01-2024,01,PK,4010,100,1,0,0,0,100,day7
23-01-2024,01,PK,4010,150,1,0,0,0,1,day7
23-01-2024,01,PK,4012,100,1,0,0,0,4494,day7
23-01-2024,01,PK,4012,100,1,1,0,0,44,day7
23-01-2024,01,PK,4012,100,3,0,0,0,34,day7
23-01-2024,01,PK,4012,200,1,0,0,0,1,day7
23-01-2024,01,PK,4012,300,2,1,0,0,21,day7
23-01-2024,01,PK,5004,300,2,0,0,0,13,day7
23-01-2024,01,PK,5030,150,1,0,0,0,9,day7
23-01-2024,01,PK,5031,100,1,0,0,0,512,day7
23-01-2024,01,PK,5031,100,1,1,0,0,4,day7
23-01-2024,01,PK,5031,100,3,0,0,0,12,day7
23-01-2024,01,PK,,100,1,0,0,0,274,day7
23-01-2024,01,PK,,133,4,0,0,0,0,day7
23-01-2024,02,MM,2001,100,1,0,0,0,5611,day7
23-01-2024,02,MM,2001,100,1,1,0,0,2,day7
23-01-2024,02,MM,2001,100,3,0,0,0,31,day7
23-01-2024,02,MM,2001,150,1,0,0,0,1,day7
23-01-2024,02,MM,2001,200,1,0,0,0,3,day7
23-01-2024,02,MM,4010,100,1,0,0,0,60,day7
23-01-2024,02,MM,4010,150,1,0,0,0,4,day7
23-01-2024,02,MM,4012,100,1,0,0,0,2905,day7
23-01-2024,02,MM,4012,100,1,1,0,0,13,day7
23-01-2024,02,MM,4012,100,3,0,0,0,50,day7
23-01-2024,02,MM,4012,300,2,1,0,0,14,day7
23-01-2024,02,MM,5000,100,1,0,0,0,4,day7
23-01-2024,02,MM,5000,100,1,0,0,1,20,day7
23-01-2024,02,MM,5000,100,3,0,0,1,3,day7
23-01-2024,02,MM,5004,300,2,0,0,0,76,day7
23-01-2024,02,MM,5030,150,1,0,0,0,1,day7
23-01-2024,02,MM,5031,100,1,0,0,0,352,day7
23-01-2024,02,MM,5031,100,1,1,0,0,4,day7
23-01-2024,02,MM,5031,100,3,0,0,0,3,day7
23-01-2024,02,MM,,100,1,0,0,0,205,day7
23-01-2024,02,MM,,133,4,0,0,0,0,day7
23-01-2024,02,PK,2001,100,1,0,0,0,5531,day7
23-01-2024,02,PK,2001,100,1,1,0,0,1,day7
23-01-2024,02,PK,2001,100,3,0,0,0,35,day7
23-01-2024,02,PK,2001,200,1,0,0,0,5,day7
23-01-2024,02,PK,2001,200,3,0,0,0,1,day7
23-01-2024,02,PK,4010,100,1,0,0,0,65,day7
23-01-2024,02,PK,4010,150,1,0,0,0,2,day7
23-01-2024,02,PK,4012,100,1,0,0,0,2998,day7
23-01-2024,02,PK,4012,100,1,1,0,0,10,day7
23-01-2024,02,PK,4012,100,3,0,0,0,33,day7
23-01-2024,02,PK,4012,300,2,1,0,0,16,day7
23-01-2024,02,PK,5000,100,1,0,0,0,1,day7
23-01-2024,02,PK,5000,100,1,0,0,1,21,day7
23-01-2024,02,PK,5000,100,3,0,0,1,1,day7
23-01-2024,02,PK,5004,300,2,0,0,0,61,day7
23-01-2024,02,PK,5030,150,1,0,0,0,4,day7
23-01-2024,02,PK,5031,100,1,0,0,0,375,day7
23-01-2024,02,PK,5031,100,1,1,0,0,5,day7
23-01-2024,02,PK,5031,100,3,0,0,0,4,day7
23-01-2024,02,PK,,100,1,0,0,0,191,day7
23-01-2024,02,PK,,133,4,0,0,0,0,day7
23-01-2024,02,PK,,150,1,0,0,0,3,day7
23-01-2024,03,MM,2001,100,1,0,0,0,4920,day7
23-01-2024,03,MM,2001,100,1,1,0,0,3,day7
23-01-2024,03,MM,2001,100,3,0,0,0,64,day7
23-01-2024,03,MM,2001,200,1,0,0,0,2,day7
23-01-2024,03,MM,2001,300,2,1,0,0,1,day7
23-01-2024,03,MM,4010,100,1,0,0,0,24,day7
23-01-2024,03,MM,4010,100,3,0,0,0,1,day7
23-01-2024,03,MM,4010,150,1,0,0,0,2,day7
23-01-2024,03,MM,4012,100,1,0,0,0,2407,day7
23-01-2024,03,MM,4012,100,1,1,0,0,9,day7
23-01-2024,03,MM,4012,100,3,0,0,0,31,day7
23-01-2024,03,MM,4012,300,2,1,0,0,7,day7
23-01-2024,03,MM,5004,300,2,0,0,0,59,day7
23-01-2024,03,MM,5030,150,1,0,0,0,3,day7
23-01-2024,03,MM,5031,100,1,0,0,0,228,day7
23-01-2024,03,MM,5031,100,1,1,0,0,3,day7
23-01-2024,03,MM,5031,100,3,0,0,0,2,day7
23-01-2024,03,MM,,100,1,0,0,0,181,day7
23-01-2024,03,MM,,100,1,1,0,0,1,day7
23-01-2024,03,MM,,133,4,0,0,0,0,day7
23-01-2024,03,PK,2001,100,1,0,0,0,4868,day7
23-01-2024,03,PK,2001,100,1,1,0,0,6,day7
23-01-2024,03,PK,2001,100,3,0,0,0,62,day7
23-01-2024,03,PK,2001,200,1,0,0,0,3,day7
23-01-2024,03,PK,2001,200,3,0,0,0,1,day7
23-01-2024,03,PK,4010,100,1,0,0,0,22,day7
23-01-2024,03,PK,4010,150,1,0,0,0,2,day7
23-01-2024,03,PK,4012,100,1,0,0,0,2382,day7
23-01-2024,03,PK,4012,100,1,1,0,0,7,day7
23-01-2024,03,PK,4012,100,3,0,0,0,26,day7
23-01-2024,03,PK,4012,300,2,1,0,0,10,day7
23-01-2024,03,PK,5004,300,2,0,0,0,43,day7
23-01-2024,03,PK,5004,300,3,0,0,0,2,day7
23-01-2024,03,PK,5030,150,1,0,0,0,4,day7
23-01-2024,03,PK,5031,100,1,0,0,0,218,day7
23-01-2024,03,PK,5031,100,1,1,0,0,2,day7
23-01-2024,03,PK,5031,100,3,0,0,0,4,day7
23-01-2024,03,PK,,100,1,0,0,0,183,day7
23-01-2024,03,PK,,100,1,1,0,0,3,day7
23-01-2024,03,PK,,133,4,0,0,0,0,day7
23-01-2024,04,MM,2001,100,1,0,0,0,7450,day7
23-01-2024,04,MM,2001,100,3,0,0,0,55,day7
23-01-2024,04,MM,2001,200,1,0,0,0,7,day7
23-01-2024,04,MM,2001,300,2,1,0,0,3,day7
23-01-2024,04,MM,4010,100,1,0,0,0,33,day7
23-01-2024,04,MM,4010,150,1,0,0,0,1,day7
23-01-2024,04,MM,4012,100,1,0,0,0,3085,day7
23-01-2024,04,MM,4012,100,1,1,0,0,2,day7
23-01-2024,04,MM,4012,100,3,0,0,0,35,day7
23-01-2024,04,MM,4012,300,2,1,0,0,9,day7
23-01-2024,04,MM,5004,300,2,0,0,0,24,day7
23-01-2024,04,MM,5030,150,1,0,0,0,2,day7
23-01-2024,04,MM,5031,100,1,0,0,0,244,day7
23-01-2024,04,MM,5031,100,3,0,0,0,2,day7
23-01-2024,04,MM,,100,1,0,0,0,240,day7
23-01-2024,04,MM,,100,1,1,0,0,2,day7
23-01-2024,04,MM,,133,4,0,0,0,0,day7
23-01-2024,04,PK,2001,100,1,0,0,0,7296,day7
23-01-2024,04,PK,2001,100,1,1,0,0,1,day7
23-01-2024,04,PK,2001,100,3,0,0,0,37,day7
23-01-2024,04,PK,2001,200,1,0,0,0,8,day7
23-01-2024,04,PK,2001,300,2,1,0,0,2,day7
23-01-2024,04,PK,4010,100,1,0,0,0,35,day7
23-01-2024,04,PK,4010,100,1,1,0,0,1,day7
23-01-2024,04,PK,4010,150,1,0,0,0,1,day7
23-01-2024,04,PK,4012,100,1,0,0,0,3183,day7
23-01-2024,04,PK,4012,100,1,1,0,0,3,day7
23-01-2024,04,PK,4012,100,3,0,0,0,39,day7
23-01-2024,04,PK,4012,300,2,1,0,0,14,day7
23-01-2024,04,PK,5004,300,2,0,0,0,15,day7
23-01-2024,04,PK,5030,150,1,0,0,0,7,day7
23-01-2024,04,PK,5031,100,1,0,0,0,261,day7
23-01-2024,04,PK,5031,100,3,0,0,0,3,day7
23-01-2024,04,PK,,100,1,0,0,0,211,day7
23-01-2024,04,PK,,100,1,1,0,0,3,day7
23-01-2024,04,PK,,133,4,0,0,0,0,day7
23-01-2024,04,PK,,150,1,0,0,0,1,day7
23-01-2024,05,MM,2001,100,1,0,0,0,16472,day7
23-01-2024,05,MM,2001,100,3,0,0,0,96,day7
23-01-2024,05,MM,2001,200,1,0,0,0,15,day7
23-01-2024,05,MM,2001,300,2,1,0,0,4,day7
23-01-2024,05,MM,4010,100,1,0,0,0,69,day7
23-01-2024,05,MM,4010,150,1,0,0,0,1,day7
23-01-2024,05,MM,4012,100,1,0,0,0,6965,day7
23-01-2024,05,MM,4012,100,1,1,0,0,14,day7
23-01-2024,05,MM,4012,100,3,0,0,0,55,day7
23-01-2024,05,MM,4012,300,2,1,0,0,20,day7
23-01-2024,05,MM,5004,300,2,0,0,0,8,day7
23-01-2024,05,MM,5030,100,1,0,0,0,1,day7
23-01-2024,05,MM,5030,150,1,0,0,0,10,day7
23-01-2024,05,MM,5031,100,1,0,0,0,349,day7
23-01-2024,05,MM,5031,100,1,1,0,0,1,day7
23-01-2024,05,MM,5031,100,3,0,0,0,7,day7
23-01-2024,05,MM,,100,1,0,0,0,462,day7
23-01-2024,05,MM,,100,1,1,0,0,1,day7
23-01-2024,05,MM,,133,4,0,0,0,0,day7
23-01-2024,05,MM,,150,1,0,0,0,1,day7
23-01-2024,05,MM,,200,1,0,0,0,1,day7
23-01-2024,05,PK,2001,100,1,0,0,0,16692,day7
23-01-2024,05,PK,2001,100,3,0,0,0,104,day7
23-01-2024,05,PK,2001,200,1,0,0,0,29,day7
23-01-2024,05,PK,2001,300,2,1,0,0,4,day7
23-01-2024,05,PK,4010,100,1,0,0,0,59,day7
23-01-2024,05,PK,4010,150,1,0,0,0,2,day7
23-01-2024,05,PK,4012,100,1,0,0,0,6773,day7
23-01-2024,05,PK,4012,100,1,1,0,0,13,day7
23-01-2024,05,PK,4012,100,3,0,0,0,67,day7
23-01-2024,05,PK,4012,300,2,1,0,0,13,day7
23-01-2024,05,PK,5004,300,2,0,0,0,6,day7
23-01-2024,05,PK,5030,100,1,0,0,0,1,day7
23-01-2024,05,PK,5030,150,1,0,0,0,8,day7
23-01-2024,05,PK,5031,100,1,0,0,0,358,day7
23-01-2024,05,PK,5031,100,1,1,0,0,1,day7
23-01-2024,05,PK,5031,100,3,0,0,0,2,day7
23-01-2024,05,PK,,100,1,0,0,0,476,day7
23-01-2024,05,PK,,133,4,0,0,0,0,day7
23-01-2024,06,MM,2001,100,1,0,0,0,28343,day7
23-01-2024,06,MM,2001,100,1,1,0,0,2,day7
23-01-2024,06,MM,2001,100,3,0,0,0,140,day7
23-01-2024,06,MM,2001,200,1,0,0,0,37,day7
23-01-2024,06,MM,2001,200,3,0,0,0,5,day7
23-01-2024,06,MM,2001,300,2,1,0,0,4,day7
23-01-2024,06,MM,4010,100,1,0,0,0,120,day7
23-01-2024,06,MM,4010,100,3,0,0,0,2,day7
23-01-2024,06,MM,4010,150,1,0,0,0,5,day7
23-01-2024,06,MM,4012,100,1,0,0,0,13245,day7
23-01-2024,06,MM,4012,100,1,1,0,0,12,day7
23-01-2024,06,MM,4012,100,3,0,0,0,108,day7
23-01-2024,06,MM,4012,300,2,1,0,0,12,day7
23-01-2024,06,MM,5004,300,2,0,0,0,15,day7
23-01-2024,06,MM,5005,100,1,0,0,1,1,day7
23-01-2024,06,MM,5030,100,1,0,0,0,1,day7
23-01-2024,06,MM,5030,150,1,0,0,0,20,day7
23-01-2024,06,MM,5031,100,1,0,0,0,588,day7
23-01-2024,06,MM,5031,100,1,1,0,0,2,day7
23-01-2024,06,MM,5031,100,3,0,0,0,10,day7
23-01-2024,06,MM,5031,150,1,0,0,0,2,day7
23-01-2024,06,MM,5031,200,1,0,0,0,1,day7
23-01-2024,06,MM,,100,1,0,0,0,981,day7
23-01-2024,06,MM,,100,1,1,0,0,5,day7
23-01-2024,06,MM,,133,4,0,0,0,0,day7
23-01-2024,06,MM,,150,1,0,0,0,1,day7
23-01-2024,06,MM,,200,1,0,0,0,1,day7
23-01-2024,06,PK,2001,100,1,0,0,0,28185,day7
23-01-2024,06,PK,2001,100,3,0,0,0,148,day7
23-01-2024,06,PK,2001,200,1,0,0,0,38,day7
23-01-2024,06,PK,2001,200,3,0,0,0,3,day7
23-01-2024,06,PK,2001,300,2,1,0,0,2,day7
23-01-2024,06,PK,4010,100,1,0,0,0,133,day7
23-01-2024,06,PK,4010,100,3,0,0,0,2,day7
23-01-2024,06,PK,4010,150,1,0,0,0,2,day7
23-01-2024,06,PK,4012,100,1,0,0,0,13204,day7
23-01-2024,06,PK,4012,100,1,1,0,0,12,day7
23-01-2024,06,PK,4012,100,3,0,0,0,119,day7
23-01-2024,06,PK,4012,300,2,1,0,0,13,day7
23-01-2024,06,PK,5004,300,2,0,0,0,17,day7
23-01-2024,06,PK,5005,100,1,0,0,1,1,day7
23-01-2024,06,PK,5030,100,1,0,0,0,1,day7
23-01-2024,06,PK,5030,150,1,0,0,0,24,day7
23-01-2024,06,PK,5031,100,1,0,0,0,539,day7
23-01-2024,06,PK,5031,100,1,1,0,0,3,day7
23-01-2024,06,PK,5031,100,3,0,0,0,4,day7
23-01-2024,06,PK,5031,150,1,0,0,0,2,day7
23-01-2024,06,PK,,100,1,0,0,0,953,day7
23-01-2024,06,PK,,100,1,1,0,0,2,day7
23-01-2024,06,PK,,133,4,0,0,0,0,day7
23-01-2024,06,PK,,150,1,0,0,0,2,day7
23-01-2024,07,MM,2001,100,1,0,0,0,43848,day7
23-01-2024,07,MM,2001,100,1,1,0,0,2,day7
23-01-2024,07,MM,2001,100,3,0,0,0,342,day7
23-01-2024,07,MM,2001,200,1,0,0,0,68,day7
23-01-2024,07,MM,2001,300,2,1,0,0,14,day7
23-01-2024,07,MM,4010,100,1,0,0,0,157,day7
23-01-2024,07,MM,4010,100,1,1,0,0,1,day7
23-01-2024,07,MM,4010,100,3,0,0,0,5,day7
23-01-2024,07,MM,4010,150,1,0,0,0,7,day7
23-01-2024,07,MM,4012,100,1,0,0,0,16285,day7
23-01-2024,07,MM,4012,100,1,1,0,0,14,day7
23-01-2024,07,MM,4012,100,3,0,0,0,281,day7
23-01-2024,07,MM,4012,200,1,0,0,0,2,day7
23-01-2024,07,MM,4012,300,2,1,0,0,61,day7
23-01-2024,07,MM,5004,300,2,0,0,0,96,day7
23-01-2024,07,MM,5030,150,1,0,0,0,42,day7
23-01-2024,07,MM,5031,100,1,0,0,0,806,day7
23-01-2024,07,MM,5031,100,1,1,0,0,3,day7
23-01-2024,07,MM,5031,100,3,0,0,0,19,day7
23-01-2024,07,MM,5031,200,1,0,0,0,2,day7
23-01-2024,07,MM,5031,300,2,1,0,0,2,day7
23-01-2024,07,MM,,100,1,0,0,0,1096,day7
23-01-2024,07,MM,,100,1,1,0,0,2,day7
23-01-2024,07,MM,,133,4,0,0,0,0,day7
23-01-2024,07,MM,,150,1,0,0,0,4,day7
23-01-2024,07,PK,2001,100,1,0,0,0,44038,day7
23-01-2024,07,PK,2001,100,1,1,0,0,1,day7
23-01-2024,07,PK,2001,100,3,0,0,0,374,day7
23-01-2024,07,PK,2001,200,1,0,0,0,78,day7
23-01-2024,07,PK,2001,200,3,0,0,0,3,day7
23-01-2024,07,PK,2001,300,2,1,0,0,15,day7
23-01-2024,07,PK,4010,100,1,0,0,0,124,day7
23-01-2024,07,PK,4010,100,3,0,0,0,6,day7
23-01-2024,07,PK,4010,150,1,0,0,0,2,day7
23-01-2024,07,PK,4012,100,1,0,0,0,16240,day7
23-01-2024,07,PK,4012,100,1,1,0,0,11,day7
23-01-2024,07,PK,4012,100,3,0,0,0,278,day7
23-01-2024,07,PK,4012,200,1,0,0,0,1,day7
23-01-2024,07,PK,4012,300,2,1,0,0,72,day7
23-01-2024,07,PK,5004,300,2,0,0,0,117,day7
23-01-2024,07,PK,5030,100,1,0,0,0,1,day7
23-01-2024,07,PK,5030,100,1,1,0,0,2,day7
23-01-2024,07,PK,5030,150,1,0,0,0,29,day7
23-01-2024,07,PK,5031,100,1,0,0,0,751,day7
23-01-2024,07,PK,5031,100,3,0,0,0,19,day7
23-01-2024,07,PK,5031,300,2,1,0,0,2,day7
23-01-2024,07,PK,,100,1,0,0,0,1236,day7
23-01-2024,07,PK,,133,4,0,0,0,0,day7
23-01-2024,08,MM,2001,100,1,0,0,0,50877,day7
23-01-2024,08,MM,2001,100,1,1,0,0,5,day7
23-01-2024,08,MM,2001,100,3,0,0,0,2594,day7
23-01-2024,08,MM,2001,150,1,0,0,0,1,day7
23-01-2024,08,MM,2001,200,1,0,0,0,548,day7
23-01-2024,08,MM,2001,200,3,0,0,0,7,day7
23-01-2024,08,MM,2001,300,2,1,0,0,64,day7
23-01-2024,08,MM,2001,400,2,1,0,0,3,day7
23-01-2024,08,MM,4010,100,1,0,0,0,185,day7
23-01-2024,08,MM,4010,100,1,1,0,0,1,day7
23-01-2024,08,MM,4010,100,3,0,0,0,12,day7
23-01-2024,08,MM,4010,150,1,0,0,0,3,day7
23-01-2024,08,MM,4010,200,1,0,0,0,1,day7
23-01-2024,08,MM,4012,100,1,0,0,0,18677,day7
23-01-2024,08,MM,4012,100,1,1,0,0,71,day7
23-01-2024,08,MM,4012,100,3,0,0,0,1753,day7
23-01-2024,08,MM,4012,200,1,0,0,0,1,day7
23-01-2024,08,MM,4012,300,2,1,0,0,502,day7
23-01-2024,08,MM,4012,300,3,1,0,0,2,day7
23-01-2024,08,MM,5004,300,2,0,0,0,541,day7
23-01-2024,08,MM,5004,300,3,0,0,0,2,day7
23-01-2024,08,MM,5004,400,2,0,0,0,2,day7
23-01-2024,08,MM,5030,100,1,0,0,0,3,day7
23-01-2024,08,MM,5030,150,1,0,0,0,26,day7
23-01-2024,08,MM,5031,100,1,0,0,0,946,day7
23-01-2024,08,MM,5031,100,1,1,0,0,6,day7
23-01-2024,08,MM,5031,100,3,0,0,0,116,day7
23-01-2024,08,MM,5031,200,1,0,0,0,3,day7
23-01-2024,08,MM,5031,300,2,1,0,0,25,day7
23-01-2024,08,MM,,100,1,0,0,0,1245,day7
23-01-2024,08,MM,,100,1,1,0,0,2,day7
23-01-2024,08,MM,,133,4,0,0,0,0,day7
23-01-2024,08,MM,,150,1,0,0,0,3,day7
23-01-2024,08,PK,2001,100,1,0,0,0,50543,day7
23-01-2024,08,PK,2001,100,1,1,0,0,4,day7
23-01-2024,08,PK,2001,100,3,0,0,0,2643,day7
23-01-2024,08,PK,2001,200,1,0,0,0,534,day7
23-01-2024,08,PK,2001,200,3,0,0,0,17,day7
23-01-2024,08,PK,2001,300,2,1,0,0,63,day7
23-01-2024,08,PK,2001,400,2,1,0,0,7,day7
23-01-2024,08,PK,4010,100,1,0,0,0,179,day7
23-01-2024,08,PK,4010,100,3,0,0,0,8,day7
23-01-2024,08,PK,4010,150,1,0,0,0,7,day7
23-01-2024,08,PK,4012,100,1,0,0,0,18572,day7
23-01-2024,08,PK,4012,100,1,1,0,0,61,day7
23-01-2024,08,PK,4012,100,3,0,0,0,1758,day7
23-01-2024,08,PK,4012,300,2,1,0,0,516,day7
23-01-2024,08,PK,5004,300,2,0,0,0,522,day7
23-01-2024,08,PK,5004,300,3,0,0,0,1,day7
23-01-2024,08,PK,5004,400,2,0,0,0,5,day7
23-01-2024,08,PK,5030,100,1,0,0,0,1,day7
23-01-2024,08,PK,5030,150,1,0,0,0,35,day7
23-01-2024,08,PK,5031,100,1,0,0,0,961,day7
23-01-2024,08,PK,5031,100,1,1,0,0,8,day7
23-01-2024,08,PK,5031,100,3,0,0,0,135,day7
23-01-2024,08,PK,5031,200,1,0,0,0,1,day7
23-01-2024,08,PK,5031,300,2,1,0,0,24,day7
23-01-2024,08,PK,,100,1,0,0,0,1310,day7
23-01-2024,08,PK,,133,4,0,0,0,0,day7
23-01-2024,08,PK,,150,1,0,0,0,2,day7
23-01-2024,09,MM,2001,100,1,0,0,0,58555,day7
23-01-2024,09,MM,2001,100,1,1,0,0,8,day7
23-01-2024,09,MM,2001,100,3,0,0,0,3432,day7
23-01-2024,09,MM,2001,200,1,0,0,0,887,day7
23-01-2024,09,MM,2001,200,3,0,0,0,27,day7
23-01-2024,09,MM,2001,300,2,1,0,0,115,day7
23-01-2024,09,MM,2001,400,2,1,0,0,5,day7
23-01-2024,09,MM,4010,100,1,0,0,0,272,day7
23-01-2024,09,MM,4010,100,3,0,0,0,18,day7
23-01-2024,09,MM,4010,150,1,0,0,0,4,day7
23-01-2024,09,MM,4012,100,1,0,0,0,20422,day7
23-01-2024,09,MM,4012,100,1,1,0,0,18,day7
23-01-2024,09,MM,4012,100,3,0,0,0,2436,day7
23-01-2024,09,MM,4012,200,1,0,0,0,3,day7
23-01-2024,09,MM,4012,300,2,1,0,0,696,day7
23-01-2024,09,MM,4012,300,3,1,0,0,3,day7
23-01-2024,09,MM,4012,400,2,1,0,0,1,day7
23-01-2024,09,MM,5004,300,2,0,0,0,718,day7
23-01-2024,09,MM,5004,300,3,0,0,0,1,day7
23-01-2024,09,MM,5004,400,2,0,0,0,4,day7
23-01-2024,09,MM,5005,100,1,0,0,1,1,day7
23-01-2024,09,MM,5030,100,1,0,0,0,6,day7
23-01-2024,09,MM,5030,150,1,0,0,0,44,day7
23-01-2024,09,MM,5031,100,1,0,0,0,1354,day7
23-01-2024,09,MM,5031,100,1,1,0,0,7,day7
23-01-2024,09,MM,5031,100,3,0,0,0,185,day7
23-01-2024,09,MM,5031,200,1,0,0,0,3,day7
23-01-2024,09,MM,5031,300,2,1,0,0,11,day7
23-01-2024,09,MM,,100,1,0,0,0,1417,day7
23-01-2024,09,MM,,100,1,1,0,0,1,day7
23-01-2024,09,MM,,133,4,0,0,0,0,day7
23-01-2024,09,MM,,150,1,0,0,0,6,day7
23-01-2024,09,MM,,200,1,0,0,0,1,day7
23-01-2024,09,PK,2001,100,1,0,0,0,58577,day7
23-01-2024,09,PK,2001,100,1,1,0,0,5,day7
23-01-2024,09,PK,2001,100,3,0,0,0,3369,day7
23-01-2024,09,PK,2001,200,1,0,0,0,864,day7
23-01-2024,09,PK,2001,200,3,0,0,0,9,day7
23-01-2024,09,PK,2001,300,2,1,0,0,133,day7
23-01-2024,09,PK,2001,400,2,1,0,0,1,day7
23-01-2024,09,PK,4010,100,1,0,0,0,262,day7
23-01-2024,09,PK,4010,100,3,0,0,0,22,day7
23-01-2024,09,PK,4010,150,1,0,0,0,6,day7
23-01-2024,09,PK,4010,300,2,1,0,0,1,day7
23-01-2024,09,PK,4012,100,1,0,0,0,20715,day7
23-01-2024,09,PK,4012,100,1,1,0,0,23,day7
23-01-2024,09,PK,4012,100,3,0,0,0,2364,day7
23-01-2024,09,PK,4012,200,1,0,0,0,2,day7
23-01-2024,09,PK,4012,300,2,1,0,0,656,day7
23-01-2024,09,PK,4012,300,3,1,0,0,1,day7
23-01-2024,09,PK,5004,300,2,0,0,0,763,day7
23-01-2024,09,PK,5004,300,3,0,0,0,2,day7
23-01-2024,09,PK,5004,400,2,0,0,0,2,day7
23-01-2024,09,PK,5005,100,1,0,0,1,1,day7
23-01-2024,09,PK,5030,100,1,0,0,0,9,day7
23-01-2024,09,PK,5030,150,1,0,0,0,57,day7
23-01-2024,09,PK,5031,100,1,0,0,0,1273,day7
23-01-2024,09,PK,5031,100,1,1,0,0,3,day7
23-01-2024,09,PK,5031,100,3,0,0,0,178,day7
23-01-2024,09,PK,5031,200,1,0,0,0,8,day7
23-01-2024,09,PK,5031,300,2,1,0,0,7,day7
23-01-2024,09,PK,,100,1,0,0,0,1315,day7
23-01-2024,09,PK,,133,4,0,0,0,0,day7
23-01-2024,09,PK,,150,1,0,0,0,7,day7
23-01-2024,10,MM,2001,100,1,0,0,0,53192,day7
23-01-2024,10,MM,2001,100,1,1,0,0,11,day7
23-01-2024,10,MM,2001,100,3,0,0,0,4267,day7
23-01-2024,10,MM,2001,200,1,0,0,0,973,day7
23-01-2024,10,MM,2001,200,3,0,0,0,17,day7
23-01-2024,10,MM,2001,300,2,1,0,0,125,day7
23-01-2024,10,MM,2001,400,2,1,0,0,1,day7
23-01-2024,10,MM,4010,100,1,0,0,0,286,day7
23-01-2024,10,MM,4010,100,3,0,0,0,27,day7
23-01-2024,10,MM,4010,150,1,0,0,0,3,day7
23-01-2024,10,MM,4012,100,1,0,0,0,22596,day7
23-01-2024,10,MM,4012,100,1,1,0,0,34,day7
23-01-2024,10,MM,4012,100,3,0,0,0,2632,day7
23-01-2024,10,MM,4012,200,1,0,0,0,12,day7
23-01-2024,10,MM,4012,300,2,1,0,0,1026,day7
23-01-2024,10,MM,4012,300,3,1,0,0,4,day7
23-01-2024,10,MM,5004,300,2,0,0,0,1033,day7
23-01-2024,10,MM,5004,300,3,0,0,0,7,day7
23-01-2024,10,MM,5004,400,2,0,0,0,2,day7
23-01-2024,10,MM,5030,100,1,0,0,0,6,day7
23-01-2024,10,MM,5030,150,1,0,0,0,39,day7
23-01-2024,10,MM,5031,100,1,0,0,0,1595,day7
23-01-2024,10,MM,5031,100,1,1,0,0,15,day7
23-01-2024,10,MM,5031,100,3,0,0,0,184,day7
23-01-2024,10,MM,5031,200,1,0,0,0,6,day7
23-01-2024,10,MM,5031,300,2,1,0,0,9,day7
23-01-2024,10,MM,,100,1,0,0,0,1405,day7
23-01-2024,10,MM,,100,1,1,0,0,4,day7
23-01-2024,10,MM,,133,4,0,0,0,0,day7
23-01-2024,10,MM,,150,1,0,0,0,7,day7
23-01-2024,10,PK,2001,100,1,0,0,0,53403,day7
23-01-2024,10,PK,2001,100,1,1,0,0,7,day7
23-01-2024,10,PK,2001,100,3,0,0,0,4350,day7
23-01-2024,10,PK,2001,200,1,0,0,0,973,day7
23-01-2024,10,PK,2001,200,3,0,0,0,24,day7
23-01-2024,10,PK,2001,300,2,1,0,0,122,day7
23-01-2024,10,PK,2001,400,2,1,0,0,4,day7
23-01-2024,10,PK,4010,100,1,0,0,0,288,day7
23-01-2024,10,PK,4010,100,3,0,0,0,17,day7
23-01-2024,10,PK,4010,150,1,0,0,0,4,day7
23-01-2024,10,PK,4012,100,1,0,0,0,22074,day7
23-01-2024,10,PK,4012,100,1,1,0,0,35,day7
23-01-2024,10,PK,4012,100,3,0,0,0,2612,day7
23-01-2024,10,PK,4012,200,1,0,0,0,5,day7
23-01-2024,10,PK,4012,300,2,1,0,0,1040,day7
23-01-2024,10,PK,4012,300,3,1,0,0,4,day7
23-01-2024,10,PK,5004,300,2,0,0,0,1008,day7
23-01-2024,10,PK,5004,300,3,0,0,0,9,day7
23-01-2024,10,PK,5004,400,2,0,0,0,2,day7
23-01-2024,10,PK,5005,100,1,0,0,1,3,day7
23-01-2024,10,PK,5030,100,1,0,0,0,3,day7
23-01-2024,10,PK,5030,150,1,0,0,0,36,day7
23-01-2024,10,PK,5031,100,1,0,0,0,1631,day7
23-01-2024,10,PK,5031,100,1,1,0,0,1,day7
23-01-2024,10,PK,5031,100,3,0,0,0,177,day7
23-01-2024,10,PK,5031,150,1,0,0,0,1,day7
23-01-2024,10,PK,5031,200,1,0,0,0,2,day7
23-01-2024,10,PK,5031,200,3,0,0,0,1,day7
23-01-2024,10,PK,5031,300,2,1,0,0,7,day7
23-01-2024,10,PK,,100,1,0,0,0,1289,day7
23-01-2024,10,PK,,100,1,1,0,0,7,day7
23-01-2024,10,PK,,133,4,0,0,0,0,day7
23-01-2024,11,MM,2001,100,1,0,0,0,52091,day7
23-01-2024,11,MM,2001,100,1,1,0,0,3,day7
23-01-2024,11,MM,2001,100,3,0,0,0,3424,day7
23-01-2024,11,MM,2001,200,1,0,0,0,899,day7
23-01-2024,11,MM,2001,200,3,0,0,0,13,day7
23-01-2024,11,MM,2001,300,2,1,0,0,71,day7
23-01-2024,11,MM,2001,400,2,1,0,0,4,day7
23-01-2024,11,MM,4010,100,1,0,0,0,254,day7
23-01-2024,11,MM,4010,100,3,0,0,0,28,day7
23-01-2024,11,MM,4010,150,1,0,0,0,14,day7
23-01-2024,11,MM,4010,200,1,0,0,0,1,day7
23-01-2024,11,MM,4012,100,1,0,0,0,23329,day7
23-01-2024,11,MM,4012,100,1,1,0,0,23,day7
23-01-2024,11,MM,4012,100,3,0,0,0,2133,day7
23-01-2024,11,MM,4012,200,1,0,0,0,3,day7
23-01-2024,11,MM,4012,300,2,1,0,0,1032,day7
23-01-2024,11,MM,4012,300,3,1,0,0,2,day7
23-01-2024,11,MM,5004,300,2,0,0,0,934,day7
23-01-2024,11,MM,5004,300,3,0,0,0,9,day7
23-01-2024,11,MM,5030,100,1,0,0,0,1,day7
23-01-2024,11,MM,5030,100,3,0,0,0,1,day7
23-01-2024,11,MM,5030,150,1,0,0,0,32,day7
23-01-2024,11,MM,5031,100,1,0,0,0,1396,day7
23-01-2024,11,MM,5031,100,1,1,0,0,10,day7
23-01-2024,11,MM,5031,100,3,0,0,0,153,day7
23-01-2024,11,MM,5031,200,1,0,0,0,7,day7
23-01-2024,11,MM,5031,200,3,0,0,0,1,day7
23-01-2024,11,MM,5031,300,2,1,0,0,8,day7
23-01-2024,11,MM,,100,1,0,0,0,1427,day7
23-01-2024,11,MM,,100,1,1,0,0,1,day7
23-01-2024,11,MM,,133,4,0,0,0,0,day7
23-01-2024,11,MM,,150,1,0,0,0,3,day7
23-01-2024,11,PK,2001,100,1,0,0,0,51745,day7
23-01-2024,11,PK,2001,100,1,1,0,0,6,day7
23-01-2024,11,PK,2001,100,3,0,0,0,3553,day7
23-01-2024,11,PK,2001,200,1,0,0,0,915,day7
23-01-2024,11,PK,2001,200,3,0,0,0,18,day7
23-01-2024,11,PK,2001,300,2,1,0,0,75,day7
23-01-2024,11,PK,2001,400,2,1,0,0,2,day7
23-01-2024,11,PK,4010,100,1,0,0,0,277,day7
23-01-2024,11,PK,4010,100,1,1,0,0,1,day7
23-01-2024,11,PK,4010,100,3,0,0,0,19,day7
23-01-2024,11,PK,4010,150,1,0,0,0,10,day7
23-01-2024,11,PK,4012,100,1,0,0,0,23426,day7
23-01-2024,11,PK,4012,100,1,1,0,0,25,day7
23-01-2024,11,PK,4012,100,3,0,0,0,2093,day7
23-01-2024,11,PK,4012,300,2,1,0,0,1011,day7
23-01-2024,11,PK,4012,300,3,1,0,0,2,day7
23-01-2024,11,PK,5004,300,2,0,0,0,871,day7
23-01-2024,11,PK,5004,300,3,0,0,0,10,day7
23-01-2024,11,PK,5030,100,1,0,0,0,1,day7
23-01-2024,11,PK,5030,150,1,0,0,0,37,day7
23-01-2024,11,PK,5031,100,1,0,0,0,1423,day7
23-01-2024,11,PK,5031,100,1,1,0,0,7,day7
23-01-2024,11,PK,5031,100,3,0,0,0,155,day7
23-01-2024,11,PK,5031,200,1,0,0,0,5,day7
23-01-2024,11,PK,5031,300,2,1,0,0,6,day7
23-01-2024,11,PK,,100,1,0,0,0,1425,day7
23-01-2024,11,PK,,100,1,1,0,0,2,day7
23-01-2024,11,PK,,133,4,0,0,0,0,day7
23-01-2024,11,PK,,150,1,0,0,0,5,day7
23-01-2024,11,PK,,200,1,0,0,0,1,day7
23-01-2024,12,MM,2001,100,1,0,0,0,53618,day7
23-01-2024,12,MM,2001,100,1,1,0,0,5,day7
23-01-2024,12,MM,2001,100,3,0,0,0,3500,day7
23-01-2024,12,MM,2001,200,1,0,0,0,248,day7
23-01-2024,12,MM,2001,200,3,0,0,0,16,day7
23-01-2024,12,MM,2001,300,2,1,0,0,68,day7
23-01-2024,12,MM,2001,400,2,1,0,0,1,day7
23-01-2024,12,MM,4010,100,1,0,0,0,254,day7
23-01-2024,12,MM,4010,100,1,1,0,0,1,day7
23-01-2024,12,MM,4010,100,3,0,0,0,25,day7
23-01-2024,12,MM,4010,150,1,0,0,0,8,day7
23-01-2024,12,MM,4012,100,1,0,0,0,24680,day7
23-01-2024,12,MM,4012,100,1,1,0,0,31,day7
23-01-2024,12,MM,4012,100,3,0,0,0,2254,day7
23-01-2024,12,MM,4012,300,2,1,0,0,989,day7
23-01-2024,12,MM,4012,300,3,1,0,0,1,day7
23-01-2024,12,MM,5004,300,2,0,0,0,830,day7
23-01-2024,12,MM,5004,300,3,0,0,0,1,day7
23-01-2024,12,MM,5005,100,1,0,0,1,1,day7
23-01-2024,12,MM,5030,100,1,0,0,0,3,day7
23-01-2024,12,MM,5030,150,1,0,0,0,50,day7
23-01-2024,12,MM,5031,100,1,0,0,0,1379,day7
23-01-2024,12,MM,5031,100,1,1,0,0,6,day7
23-01-2024,12,MM,5031,100,3,0,0,0,147,day7
23-01-2024,12,MM,5031,150,1,0,0,0,1,day7
23-01-2024,12,MM,5031,200,1,0,0,0,1,day7
23-01-2024,12,MM,5031,300,2,1,0,0,6,day7
23-01-2024,12,MM,,100,1,0,0,0,1522,day7
23-01-2024,12,MM,,100,1,1,0,0,1,day7
23-01-2024,12,MM,,133,4,0,0,0,0,day7
23-01-2024,12,MM,,150,1,0,0,0,4,day7
23-01-2024,12,PK,2001,100,1,0,0,0,53405,day7
23-01-2024,12,PK,2001,100,1,1,0,0,4,day7
23-01-2024,12,PK,2001,100,3,0,0,0,3414,day7
23-01-2024,12,PK,2001,200,1,0,0,0,268,day7
23-01-2024,12,PK,2001,200,3,0,0,0,8,day7
23-01-2024,12,PK,2001,300,2,1,0,0,77,day7
23-01-2024,12,PK,4010,100,1,0,0,0,296,day7
23-01-2024,12,PK,4010,100,3,0,0,0,10,day7
23-01-2024,12,PK,4010,150,1,0,0,0,2,day7
23-01-2024,12,PK,4010,300,2,1,0,0,1,day7
23-01-2024,12,PK,4012,100,1,0,0,0,24448,day7
23-01-2024,12,PK,4012,100,1,1,0,0,19,day7
23-01-2024,12,PK,4012,100,3,0,0,0,2273,day7
23-01-2024,12,PK,4012,150,1,0,0,0,1,day7
23-01-2024,12,PK,4012,200,1,0,0,0,2,day7
23-01-2024,12,PK,4012,300,2,1,0,0,962,day7
23-01-2024,12,PK,4012,300,3,1,0,0,7,day7
23-01-2024,12,PK,5004,300,2,0,0,0,891,day7
23-01-2024,12,PK,5004,300,3,0,0,0,1,day7
23-01-2024,12,PK,5030,100,1,0,0,0,2,day7
23-01-2024,12,PK,5030,150,1,0,0,0,62,day7
23-01-2024,12,PK,5031,100,1,0,0,0,1444,day7
23-01-2024,12,PK,5031,100,1,1,0,0,4,day7
23-01-2024,12,PK,5031,100,3,0,0,0,157,day7
23-01-2024,12,PK,5031,200,1,0,0,0,5,day7
23-01-2024,12,PK,5031,300,2,1,0,0,2,day7
23-01-2024,12,PK,,100,1,0,0,0,1536,day7
23-01-2024,12,PK,,100,1,1,0,0,1,day7
23-01-2024,12,PK,,133,4,0,0,0,0,day7
23-01-2024,12,PK,,150,1,0,0,0,7,day7
23-01-2024,13,MM,2001,100,1,0,0,0,50670,day7
23-01-2024,13,MM,2001,100,1,1,0,0,5,day7
23-01-2024,13,MM,2001,100,3,0,0,0,4210,day7
23-01-2024,13,MM,2001,200,1,0,0,0,845,day7
23-01-2024,13,MM,2001,200,3,0,0,0,16,day7
23-01-2024,13,MM,2001,300,2,1,0,0,78,day7
23-01-2024,13,MM,2001,400,2,1,0,0,1,day7
23-01-2024,13,MM,4010,100,1,0,0,0,242,day7
23-01-2024,13,MM,4010,100,3,0,0,0,25,day7
23-01-2024,13,MM,4010,150,1,0,0,0,1,day7
23-01-2024,13,MM,4012,100,1,0,0,0,23170,day7
23-01-2024,13,MM,4012,100,1,1,0,0,49,day7
23-01-2024,13,MM,4012,100,3,0,0,0,2559,day7
23-01-2024,13,MM,4012,300,2,1,0,0,1207,day7
23-01-2024,13,MM,4012,300,3,1,0,0,2,day7
23-01-2024,13,MM,5004,100,3,0,0,1,0,day7
23-01-2024,13,MM,5004,300,2,0,0,0,934,day7
23-01-2024,13,MM,5004,300,3,0,0,0,2,day7
23-01-2024,13,MM,5030,100,1,0,0,0,3,day7
23-01-2024,13,MM,5030,150,1,0,0,0,53,day7
23-01-2024,13,MM,5031,100,1,0,0,0,2139,day7
23-01-2024,13,MM,5031,100,1,1,0,0,12,day7
23-01-2024,13,MM,5031,100,3,0,0,0,149,day7
23-01-2024,13,MM,5031,150,1,0,0,0,1,day7
23-01-2024,13,MM,5031,200,1,0,0,0,7,day7
23-01-2024,13,MM,5031,300,2,1,0,0,5,day7
23-01-2024,13,MM,,100,1,0,0,0,1509,day7
23-01-2024,13,MM,,133,4,0,0,0,0,day7
23-01-2024,13,MM,,150,1,0,0,0,3,day7
23-01-2024,13,PK,2001,100,1,0,0,0,50916,day7
23-01-2024,13,PK,2001,100,1,1,0,0,9,day7
23-01-2024,13,PK,2001,100,3,0,0,0,4166,day7
23-01-2024,13,PK,2001,200,1,0,0,0,846,day7
23-01-2024,13,PK,2001,200,3,0,0,0,26,day7
23-01-2024,13,PK,2001,300,2,1,0,0,76,day7
23-01-2024,13,PK,2001,400,2,1,0,0,5,day7
23-01-2024,13,PK,4010,100,1,0,0,0,240,day7
23-01-2024,13,PK,4010,100,3,0,0,0,21,day7
23-01-2024,13,PK,4010,150,1,0,0,0,3,day7
23-01-2024,13,PK,4012,100,1,0,0,0,23173,day7
23-01-2024,13,PK,4012,100,1,1,0,0,56,day7
23-01-2024,13,PK,4012,100,3,0,0,0,2531,day7
23-01-2024,13,PK,4012,300,2,1,0,0,1263,day7
23-01-2024,13,PK,5004,300,2,0,0,0,1028,day7
23-01-2024,13,PK,5004,300,3,0,0,0,4,day7
23-01-2024,13,PK,5030,100,1,0,0,0,2,day7
23-01-2024,13,PK,5030,150,1,0,0,0,36,day7
23-01-2024,13,PK,5031,100,1,0,0,0,2128,day7
23-01-2024,13,PK,5031,100,1,1,0,0,12,day7
23-01-2024,13,PK,5031,100,3,0,0,0,167,day7
23-01-2024,13,PK,5031,150,1,0,0,0,1,day7
23-01-2024,13,PK,5031,200,1,0,0,0,3,day7
23-01-2024,13,PK,5031,300,2,1,0,0,4,day7
23-01-2024,13,PK,,100,1,0,0,0,1459,day7
23-01-2024,13,PK,,100,1,1,0,0,2,day7
23-01-2024,13,PK,,133,4,0,0,0,0,day7
23-01-2024,13,PK,,150,1,0,0,0,7,day7
23-01-2024,14,MM,2001,100,1,0,0,0,42092,day7
23-01-2024,14,MM,2001,100,1,1,0,0,4,day7
23-01-2024,14,MM,2001,100,3,0,0,0,4381,day7
23-01-2024,14,MM,2001,200,1,0,0,0,751,day7
23-01-2024,14,MM,2001,200,3,0,0,0,24,day7
23-01-2024,14,MM,2001,300,2,1,0,0,96,day7
23-01-2024,14,MM,2001,400,2,1,0,0,2,day7
23-01-2024,14,MM,4010,100,1,0,0,0,206,day7
23-01-2024,14,MM,4010,100,3,0,0,0,16,day7
23-01-2024,14,MM,4010,150,1,0,0,0,6,day7
23-01-2024,14,MM,4012,100,1,0,0,0,19362,day7
23-01-2024,14,MM,4012,100,1,1,0,0,36,day7
23-01-2024,14,MM,4012,100,3,0,0,0,2664,day7
23-01-2024,14,MM,4012,300,2,1,0,0,1146,day7
23-01-2024,14,MM,4012,300,3,1,0,0,4,day7
23-01-2024,14,MM,5004,300,2,0,0,0,1287,day7
23-01-2024,14,MM,5004,300,3,0,0,0,7,day7
23-01-2024,14,MM,5004,400,2,0,0,0,2,day7
23-01-2024,14,MM,5005,100,1,0,0,1,2,day7
23-01-2024,14,MM,5030,100,1,0,0,0,1,day7
23-01-2024,14,MM,5030,100,3,0,0,0,2,day7
23-01-2024,14,MM,5030,150,1,0,0,0,28,day7
23-01-2024,14,MM,5031,100,1,0,0,0,1691,day7
23-01-2024,14,MM,5031,100,1,1,0,0,9,day7
23-01-2024,14,MM,5031,100,3,0,0,0,168,day7
23-01-2024,14,MM,5031,200,1,0,0,0,5,day7
23-01-2024,14,MM,5031,300,2,1,0,0,9,day7
23-01-2024,14,MM,,100,1,0,0,0,1243,day7
23-01-2024,14,MM,,100,1,1,0,0,1,day7
23-01-2024,14,MM,,133,4,0,0,0,0,day7
23-01-2024,14,MM,,150,1,0,0,0,3,day7
23-01-2024,14,PK,2001,100,1,0,0,0,42172,day7
23-01-2024,14,PK,2001,100,1,1,0,0,9,day7
23-01-2024,14,PK,2001,100,3,0,0,0,4472,day7
23-01-2024,14,PK,2001,200,1,0,0,0,771,day7
23-01-2024,14,PK,2001,200,3,0,0,0,25,day7
23-01-2024,14,PK,2001,300,2,1,0,0,117,day7
23-01-2024,14,PK,4010,100,1,0,0,0,199,day7
23-01-2024,14,PK,4010,100,3,0,0,0,24,day7
23-01-2024,14,PK,4010,150,1,0,0,0,6,day7
23-01-2024,14,PK,4012,100,1,0,0,0,19488,day7
23-01-2024,14,PK,4012,100,1,1,0,0,28,day7
23-01-2024,14,PK,4012,100,3,0,0,0,2704,day7
23-01-2024,14,PK,4012,300,2,1,0,0,1199,day7
23-01-2024,14,PK,4012,300,3,1,0,0,4,day7
23-01-2024,14,PK,4012,400,2,1,0,0,1,day7
23-01-2024,14,PK,5004,300,2,0,0,0,1204,day7
23-01-2024,14,PK,5004,300,3,0,0,0,5,day7
23-01-2024,14,PK,5030,100,1,0,0,0,2,day7
23-01-2024,14,PK,5030,150,1,0,0,0,33,day7
23-01-2024,14,PK,5031,100,1,0,0,0,1652,day7
23-01-2024,14,PK,5031,100,1,1,0,0,11,day7
23-01-2024,14,PK,5031,100,3,0,0,0,182,day7
23-01-2024,14,PK,5031,150,1,0,0,0,5,day7
23-01-2024,14,PK,5031,200,1,0,0,0,3,day7
23-01-2024,14,PK,5031,300,2,1,0,0,6,day7
23-01-2024,14,PK,,100,1,0,0,0,1268,day7
23-01-2024,14,PK,,100,1,1,0,0,1,day7
23-01-2024,14,PK,,133,4,0,0,0,0,day7
23-01-2024,14,PK,,150,1,0,0,0,3,day7