CDRDATE,SERVICE_KEY,IS_ROAMING,ISBFT,DIAMETER,TOTAL,REMARK
2023-11-06 00,100,0,0,2001,24577,day0
2023-11-06 00,100,1,0,2001,5,day0
2023-11-06 00,100,0,0,4010,573,day0
2023-11-06 00,100,0,0,4012,13470,day0
2023-11-06 00,100,1,0,4012,22,day0
2023-11-06 00,100,0,0,5031,3229,day0
2023-11-06 00,100,1,0,5031,10,day0
2023-11-06 00,100,0,0,,827,day0
2023-11-06 00,100,1,0,,1,day0
2023-11-06 00,133,0,0,,37,day0
2023-11-06 00,150,0,0,4010,8,day0
2023-11-06 00,150,0,0,5030,40,day0
2023-11-06 00,150,1,0,5030,1,day0
2023-11-06 00,150,0,0,5031,5,day0
2023-11-06 00,150,0,0,,4,day0
2023-11-06 00,200,0,0,2001,18,day0
2023-11-06 00,200,0,0,5031,2,day0
2023-11-06 00,300,1,0,2001,12,day0
2023-11-06 00,300,1,0,4012,117,day0
2023-11-06 00,300,0,0,5004,353,day0
2023-11-06 01,100,0,0,2001,15517,day0
2023-11-06 01,100,1,0,2001,8,day0
2023-11-06 01,100,0,0,4010,515,day0
2023-11-06 01,100,0,0,4012,8365,day0
2023-11-06 01,100,1,0,4012,50,day0
2023-11-06 01,100,0,0,5031,1248,day0
2023-11-06 01,100,1,0,5031,1,day0
2023-11-06 01,100,0,0,,514,day0
2023-11-06 01,100,1,0,,1,day0
2023-11-06 01,133,0,0,,25,day0
2023-11-06 01,150,0,0,4010,13,day0
2023-11-06 01,150,0,0,5030,22,day0
2023-11-06 01,150,0,0,5031,3,day0
2023-11-06 01,150,0,0,,1,day0
2023-11-06 01,200,0,0,2001,25,day0
2023-11-06 01,200,0,0,5031,3,day0
2023-11-06 01,300,1,0,2001,3,day0
2023-11-06 01,300,1,0,4012,325,day0
2023-11-06 01,300,0,0,5004,7,day0
2023-11-06 02,100,0,0,2001,10905,day0
2023-11-06 02,100,1,0,2001,2,day0
2023-11-06 02,100,0,0,4010,383,day0
2023-11-06 02,100,0,0,4012,5435,day0
2023-11-06 02,100,1,0,4012,16,day0
2023-11-06 02,100,0,0,5031,689,day0
2023-11-06 02,100,1,0,5031,1,day0
2023-11-06 02,100,0,0,,385,day0
2023-11-06 02,133,0,0,,18,day0
2023-11-06 02,150,0,0,4010,1,day0
2023-11-06 02,150,0,0,5030,9,day0
2023-11-06 02,150,1,0,5030,1,day0
2023-11-06 02,150,0,0,5031,1,day0
2023-11-06 02,150,0,0,,1,day0
2023-11-06 02,150,1,0,,1,day0
2023-11-06 02,200,0,0,2001,34,day0
2023-11-06 02,200,0,0,5031,4,day0
2023-11-06 02,300,1,0,2001,6,day0
2023-11-06 02,300,1,0,4012,62,day0
2023-11-06 02,300,0,0,5004,22,day0
2023-11-06 02,300,1,0,5031,1,day0
2023-11-06 03,100,0,0,2001,10311,day0
2023-11-06 03,100,0,0,4010,395,day0
2023-11-06 03,100,0,0,4012,5428,day0
2023-11-06 03,100,1,0,4012,13,day0
2023-11-06 03,100,0,0,5031,575,day0
2023-11-06 03,100,1,0,5031,3,day0
2023-11-06 03,100,0,0,,375,day0
2023-11-06 03,100,1,0,,1,day0
2023-11-06 03,133,0,0,,16,day0
2023-11-06 03,150,0,0,4010,2,day0
2023-11-06 03,150,0,0,5030,6,day0
2023-11-06 03,150,0,0,5031,1,day0
2023-11-06 03,150,0,0,,2,day0
2023-11-06 03,200,0,0,2001,42,day0
2023-11-06 03,300,1,0,2001,2,day0
2023-11-06 03,300,1,0,4012,115,day0
2023-11-06 03,300,0,0,5004,13,day0
2023-11-06 04,100,0,0,2001,19170,day0
2023-11-06 04,100,1,0,2001,5,day0
2023-11-06 04,100,0,0,4010,440,day0
2023-11-06 04,100,0,0,4012,8189,day0
2023-11-06 04,100,1,0,4012,5,day0
2023-11-06 04,100,0,0,5031,792,day0
2023-11-06 04,100,1,0,5031,4,day0
2023-11-06 04,100,0,0,,561,day0
2023-11-06 04,100,1,0,,9,day0
2023-11-06 04,133,0,0,,29,day0
2023-11-06 04,150,0,0,5030,22,day0
2023-11-06 04,150,0,0,,4,day0
2023-11-06 04,200,0,0,2001,45,day0
2023-11-06 04,300,1,0,2001,3,day0
2023-11-06 04,300,1,0,4012,72,day0
2023-11-06 04,300,0,0,5004,20,day0
2023-11-06 05,100,0,0,2001,39454,day0
2023-11-06 05,100,1,0,2001,3,day0
2023-11-06 05,100,0,0,4010,613,day0
2023-11-06 05,100,0,0,4012,16659,day0
2023-11-06 05,100,1,0,4012,12,day0
2023-11-06 05,100,0,0,5031,1107,day0
2023-11-06 05,100,1,0,5031,11,day0
2023-11-06 05,100,0,0,,1153,day0
2023-11-06 05,100,1,0,,2,day0
2023-11-06 05,133,0,0,,46,day0
2023-11-06 05,150,0,0,4010,4,day0
2023-11-06 05,150,0,0,5030,36,day0
2023-11-06 05,150,1,0,5030,4,day0
2023-11-06 05,150,0,0,,2,day0
2023-11-06 05,150,1,0,,1,day0
2023-11-06 05,200,0,0,2001,95,day0
2023-11-06 05,300,1,0,2001,14,day0
2023-11-06 05,300,1,0,4012,93,day0
2023-11-06 05,300,0,0,5004,32,day0
2023-11-06 05,400,1,0,2001,1,day0
2023-11-06 06,100,0,0,2001,62077,day0
2023-11-06 06,100,0,0,4010,757,day0
2023-11-06 06,100,1,0,4010,3,day0
2023-11-06 06,100,0,0,4012,28194,day0
2023-11-06 06,100,1,0,4012,26,day0
2023-11-06 06,100,0,0,5030,1,day0
2023-11-06 06,100,0,0,5031,1610,day0
2023-11-06 06,100,1,0,5031,11,day0
2023-11-06 06,100,0,0,,2139,day0
2023-11-06 06,100,1,0,,1,day0
2023-11-06 06,133,0,0,,145,day0
2023-11-06 06,150,0,0,4010,13,day0
2023-11-06 06,150,0,0,4012,4,day0
2023-11-06 06,150,0,0,5030,45,day0
2023-11-06 06,150,0,0,,4,day0
2023-11-06 06,150,1,0,,1,day0
2023-11-06 06,200,0,0,2001,112,day0
2023-11-06 06,200,0,0,5031,6,day0
2023-11-06 06,200,0,0,,1,day0
2023-11-06 06,300,1,0,2001,2,day0
2023-11-06 06,300,1,0,4012,40,day0
2023-11-06 06,300,0,0,5004,67,day0
2023-11-06 07,100,0,0,2001,77785,day0
2023-11-06 07,100,1,0,2001,8,day0
2023-11-06 07,100,0,0,4010,879,day0
2023-11-06 07,100,0,0,4012,34570,day0
2023-11-06 07,100,1,0,4012,27,day0
2023-11-06 07,100,0,0,5031,2257,day0
2023-11-06 07,100,1,0,5031,45,day0
2023-11-06 07,100,0,0,,2450,day0
2023-11-06 07,100,1,0,,5,day0
2023-11-06 07,133,0,0,,235,day0
2023-11-06 07,150,0,0,4010,9,day0
2023-11-06 07,150,0,0,5030,80,day0
2023-11-06 07,150,0,0,5031,1,day0
2023-11-06 07,150,0,0,,8,day0
2023-11-06 07,200,0,0,2001,159,day0
2023-11-06 07,200,0,0,4010,1,day0
2023-11-06 07,300,1,0,2001,29,day0
2023-11-06 07,300,1,0,4012,656,day0
2023-11-06 07,300,0,0,5004,1073,day0
2023-11-06 07,300,1,0,5031,15,day0
2023-11-06 08,100,0,0,2001,100421,day0
2023-11-06 08,100,1,0,2001,8,day0
2023-11-06 08,100,0,0,4010,970,day0
2023-11-06 08,100,1,0,4010,1,day0
2023-11-06 08,100,0,0,4012,44124,day0
2023-11-06 08,100,1,0,4012,98,day0
2023-11-06 08,100,0,1,5005,1,day0
2023-11-06 08,100,1,0,5030,1,day0
2023-11-06 08,100,0,0,5031,2716,day0
2023-11-06 08,100,1,0,5031,14,day0
2023-11-06 08,100,0,0,,2687,day0
2023-11-06 08,100,1,0,,2,day0
2023-11-06 08,133,0,0,,233,day0
2023-11-06 08,150,0,0,4010,12,day0
2023-11-06 08,150,0,0,4012,2,day0
2023-11-06 08,150,0,0,5030,80,day0
2023-11-06 08,150,1,0,5030,2,day0
2023-11-06 08,150,0,0,,5,day0
2023-11-06 08,200,0,0,2001,780,day0
2023-11-06 08,200,0,0,4010,1,day0
2023-11-06 08,200,0,0,4012,3,day0
2023-11-06 08,200,0,0,5031,6,day0
2023-11-06 08,300,1,0,2001,171,day0
2023-11-06 08,300,1,0,4012,6361,day0
2023-11-06 08,300,0,0,5004,9091,day0
2023-11-06 08,300,1,0,5031,40,day0
2023-11-06 08,400,1,0,2001,2,day0
2023-11-06 09,100,0,0,2001,111148,day0
2023-11-06 09,100,1,0,2001,9,day0
2023-11-06 09,100,0,0,4010,1158,day0
2023-11-06 09,100,0,0,4012,48075,day0
2023-11-06 09,100,1,0,4012,34,day0
2023-11-06 09,100,0,0,5030,2,day0
2023-11-06 09,100,0,0,5031,4288,day0
2023-11-06 09,100,1,0,5031,19,day0
2023-11-06 09,100,0,0,,2813,day0
2023-11-06 09,133,0,0,,208,day0
2023-11-06 09,150,0,0,2001,4,day0
2023-11-06 09,150,0,0,4010,13,day0
2023-11-06 09,150,0,0,4012,1,day0
2023-11-06 09,150,0,0,5030,79,day0
2023-11-06 09,150,1,0,5030,4,day0
2023-11-06 09,150,0,0,5031,1,day0
2023-11-06 09,150,0,0,,7,day0
2023-11-06 09,200,0,0,2001,1834,day0
2023-11-06 09,200,0,0,4010,1,day0
2023-11-06 09,200,0,0,4012,3,day0
2023-11-06 09,200,0,0,5031,7,day0
2023-11-06 09,300,1,0,2001,203,day0
2023-11-06 09,300,1,0,4010,1,day0
2023-11-06 09,300,1,0,4012,11655,day0
2023-11-06 09,300,0,0,5004,18517,day0
2023-11-06 09,300,1,0,5031,67,day0
2023-11-06 09,400,0,0,5004,4,day0
2023-11-06 10,100,0,0,2001,120496,day0
2023-11-06 10,100,1,0,2001,15,day0
2023-11-06 10,100,0,0,4010,1250,day0
2023-11-06 10,100,1,0,4010,3,day0
2023-11-06 10,100,0,0,4012,50876,day0
2023-11-06 10,100,1,0,4012,38,day0
2023-11-06 10,100,0,1,5005,2,day0
2023-11-06 10,100,0,0,5030,2,day0
2023-11-06 10,100,0,0,5031,5375,day0
2023-11-06 10,100,1,0,5031,13,day0
2023-11-06 10,100,0,0,,2921,day0
2023-11-06 10,100,1,0,,1,day0
2023-11-06 10,133,0,0,,210,day0
2023-11-06 10,150,0,0,2001,5,day0
2023-11-06 10,150,0,0,4010,9,day0
2023-11-06 10,150,0,0,5030,106,day0
2023-11-06 10,150,0,0,5031,2,day0
2023-11-06 10,150,0,0,,7,day0
2023-11-06 10,200,0,0,2001,1873,day0
2023-11-06 10,200,0,0,4010,1,day0
2023-11-06 10,200,0,0,4012,8,day0
2023-11-06 10,200,0,0,5031,12,day0
2023-11-06 10,300,1,0,2001,245,day0
2023-11-06 10,300,1,0,4012,8952,day0
2023-11-06 10,300,0,0,5004,12786,day0
2023-11-06 10,300,1,0,5031,62,day0
2023-11-06 10,400,1,0,2001,7,day0
2023-11-06 10,400,1,0,4012,1,day0
2023-11-06 10,400,0,0,5004,5,day0
2023-11-06 11,100,0,0,2001,117233,day0
2023-11-06 11,100,1,0,2001,10,day0
2023-11-06 11,100,0,0,4010,1183,day0
2023-11-06 11,100,1,0,4010,3,day0
2023-11-06 11,100,0,0,4012,52163,day0
2023-11-06 11,100,1,0,4012,50,day0
2023-11-06 11,100,0,1,5005,3,day0
2023-11-06 11,100,0,0,5031,4187,day0
2023-11-06 11,100,1,0,5031,18,day0
2023-11-06 11,100,0,0,,3098,day0
2023-11-06 11,133,0,0,,175,day0
2023-11-06 11,150,0,0,4010,19,day0
2023-11-06 11,150,0,0,5030,91,day0
2023-11-06 11,150,0,0,5031,1,day0
2023-11-06 11,150,0,0,,11,day0
2023-11-06 11,150,1,0,,1,day0
2023-11-06 11,200,0,0,2001,1831,day0
2023-11-06 11,200,0,0,4010,1,day0
2023-11-06 11,200,0,0,4012,3,day0
2023-11-06 11,200,0,0,5031,24,day0
2023-11-06 11,200,0,0,,2,day0
2023-11-06 11,300,1,0,2001,318,day0
2023-11-06 11,300,1,0,4012,14318,day0
2023-11-06 11,300,0,0,5004,18538,day0
2023-11-06 11,300,1,0,5031,94,day0
2023-11-06 11,400,1,0,2001,4,day0
2023-11-06 11,400,0,0,5004,1,day0
2023-11-06 12,100,0,0,2001,120357,day0
2023-11-06 12,100,1,0,2001,5,day0
2023-11-06 12,100,0,0,4010,1336,day0
2023-11-06 12,100,1,0,4010,2,day0
2023-11-06 12,100,0,0,4012,54791,day0
2023-11-06 12,100,1,0,4012,43,day0
2023-11-06 12,100,0,0,5030,1,day0
2023-11-06 12,100,0,0,5031,3702,day0
2023-11-06 12,100,1,0,5031,10,day0
2023-11-06 12,100,0,0,,3316,day0
2023-11-06 12,100,1,0,,1,day0
2023-11-06 12,133,0,0,,222,day0
2023-11-06 12,150,0,0,4010,12,day0
2023-11-06 12,150,0,0,5030,130,day0
2023-11-06 12,150,0,0,5031,1,day0
2023-11-06 12,150,0,0,,6,day0
2023-11-06 12,150,1,0,,1,day0
2023-11-06 12,200,0,0,2001,604,day0
2023-11-06 12,200,0,0,4012,2,day0
2023-11-06 12,200,0,0,5031,1,day0
2023-11-06 12,200,0,0,,1,day0
2023-11-06 12,300,1,0,2001,286,day0
2023-11-06 12,300,1,0,4012,7871,day0
2023-11-06 12,300,0,0,5004,8303,day0
2023-11-06 12,300,1,0,5031,64,day0
2023-11-06 12,400,1,0,4012,1,day0
2023-11-06 13,100,0,0,2001,111998,day0
2023-11-06 13,100,1,0,2001,6,day0
2023-11-06 13,100,0,0,4010,1263,day0
2023-11-06 13,100,0,0,4012,50263,day0
2023-11-06 13,100,1,0,4012,47,day0
2023-11-06 13,100,0,1,5005,1,day0
2023-11-06 13,100,1,0,5030,2,day0
2023-11-06 13,100,0,0,5031,4435,day0
2023-11-06 13,100,1,0,5031,27,day0
2023-11-06 13,100,0,0,,3128,day0
2023-11-06 13,100,1,0,,2,day0
2023-11-06 13,133,0,0,,195,day0
2023-11-06 13,150,0,0,4010,11,day0
2023-11-06 13,150,0,0,4012,2,day0
2023-11-06 13,150,0,0,5030,134,day0
2023-11-06 13,150,1,0,5030,5,day0
2023-11-06 13,150,0,0,5031,2,day0
2023-11-06 13,150,0,0,,17,day0
2023-11-06 13,200,0,0,2001,1661,day0
2023-11-06 13,200,0,0,4012,2,day0
2023-11-06 13,200,0,0,5031,12,day0
2023-11-06 13,300,1,0,2001,159,day0
2023-11-06 13,300,1,0,4012,13890,day0
2023-11-06 13,300,0,0,5004,17917,day0
2023-11-06 13,300,1,0,5031,37,day0
2023-11-06 13,400,1,0,2001,6,day0
2023-11-06 13,400,1,0,4012,1,day0
2023-11-06 13,400,0,0,5004,65,day0
2023-11-06 13,400,1,0,5031,1,day0
2023-11-06 14,100,0,0,2001,112832,day0
2023-11-06 14,100,1,0,2001,15,day0
2023-11-06 14,100,0,0,4010,1253,day0
2023-11-06 14,100,1,0,4010,3,day0
2023-11-06 14,100,0,0,4012,50862,day0
2023-11-06 14,100,1,0,4012,45,day0
2023-11-06 14,100,0,0,5030,1,day0
2023-11-06 14,100,0,0,5031,4715,day0
2023-11-06 14,100,1,0,5031,28,day0
2023-11-06 14,100,0,0,,2950,day0
2023-11-06 14,133,0,0,,220,day0
2023-11-06 14,150,0,0,4010,10,day0
2023-11-06 14,150,0,0,5030,133,day0
2023-11-06 14,150,1,0,5030,10,day0
2023-11-06 14,150,0,0,5031,3,day0
2023-11-06 14,150,0,0,,5,day0
2023-11-06 14,200,0,0,2001,2081,day0
2023-11-06 14,200,0,0,4010,1,day0
2023-11-06 14,200,0,0,4012,3,day0
2023-11-06 14,200,0,0,5031,17,day0
2023-11-06 14,300,1,0,2001,204,day0
2023-11-06 14,300,1,0,4012,15287,day0
2023-11-06 14,300,0,0,5004,22274,day0
2023-11-06 14,300,1,0,5031,21,day0
2023-11-06 14,400,1,0,2001,12,day0
2023-11-06 14,400,0,0,5004,3,day0
2023-11-06 15,100,0,0,2001,114866,day0
2023-11-06 15,100,1,0,2001,3,day0
2023-11-06 15,100,0,0,4010,1414,day0
2023-11-06 15,100,0,0,4012,53040,day0
2023-11-06 15,100,1,0,4012,58,day0
2023-11-06 15,100,0,0,5031,4942,day0
2023-11-06 15,100,1,0,5031,32,day0
2023-11-06 15,100,0,0,,2756,day0
2023-11-06 15,133,0,0,,184,day0
2023-11-06 15,150,0,0,4010,13,day0
2023-11-06 15,150,0,0,5030,139,day0
2023-11-06 15,150,0,0,5031,6,day0
2023-11-06 15,150,0,0,,15,day0
2023-11-06 15,200,0,0,2001,1841,day0
2023-11-06 15,200,0,0,4010,2,day0
2023-11-06 15,200,0,0,4012,5,day0
2023-11-06 15,200,0,0,5031,18,day0
2023-11-06 15,300,1,0,2001,179,day0
2023-11-06 15,300,1,0,4010,1,day0
2023-11-06 15,300,1,0,4012,12191,day0
2023-11-06 15,300,0,0,5004,10241,day0
2023-11-06 15,300,1,0,5031,49,day0
2023-11-06 15,400,1,0,2001,7,day0
2023-11-06 15,400,0,0,5004,5,day0
2023-11-06 16,100,0,0,2001,122784,day0
2023-11-06 16,100,1,0,2001,6,day0
2023-11-06 16,100,0,0,4010,1479,day0
2023-11-06 16,100,1,0,4010,1,day0
2023-11-06 16,100,0,0,4012,53902,day0
2023-11-06 16,100,1,0,4012,45,day0
2023-11-06 16,100,0,0,5030,1,day0
2023-11-06 16,100,0,0,5031,4459,day0
2023-11-06 16,100,1,0,5031,17,day0
2023-11-06 16,100,0,0,,2920,day0
2023-11-06 16,100,1,0,,4,day0
2023-11-06 16,133,0,0,,191,day0
2023-11-06 16,150,0,0,4010,13,day0
2023-11-06 16,150,0,0,5030,99,day0
2023-11-06 16,150,0,0,5031,2,day0
2023-11-06 16,150,0,0,,7,day0
2023-11-06 16,200,0,0,2001,1263,day0
2023-11-06 16,200,0,0,4012,1,day0
2023-11-06 16,200,0,0,5031,11,day0
2023-11-06 16,300,1,0,2001,172,day0
2023-11-06 16,300,1,0,4010,1,day0
2023-11-06 16,300,1,0,4012,10936,day0
2023-11-06 16,300,0,0,5004,15300,day0
2023-11-06 16,300,1,0,5031,37,day0
2023-11-06 16,400,0,0,5004,3,day0
2023-11-06 17,100,0,0,2001,120092,day0
2023-11-06 17,100,1,0,2001,5,day0
2023-11-06 17,100,0,0,4010,1492,day0
2023-11-06 17,100,0,0,4012,56286,day0
2023-11-06 17,100,1,0,4012,58,day0
2023-11-06 17,100,0,0,5030,6,day0
2023-11-06 17,100,0,0,5031,4972,day0
2023-11-06 17,100,1,0,5031,10,day0
2023-11-06 17,100,0,0,,3252,day0
2023-11-06 17,100,1,0,,13,day0
2023-11-06 17,133,0,0,,228,day0
2023-11-06 17,150,0,0,4010,17,day0
2023-11-06 17,150,0,0,5030,119,day0
2023-11-06 17,150,0,0,5031,2,day0
2023-11-06 17,150,0,0,,15,day0
2023-11-06 17,200,0,0,2001,643,day0
2023-11-06 17,200,0,0,4012,4,day0
2023-11-06 17,300,1,0,2001,171,day0
2023-11-06 17,300,1,0,4012,17460,day0
2023-11-06 17,300,0,0,5004,21360,day0
2023-11-06 17,300,1,0,5031,25,day0
2023-11-06 17,400,1,0,2001,4,day0
2023-11-06 18,100,0,0,2001,128257,day0
2023-11-06 18,100,1,0,2001,11,day0
2023-11-06 18,100,0,0,4010,1634,day0
2023-11-06 18,100,1,0,4010,5,day0
2023-11-06 18,100,0,0,4012,59466,day0
2023-11-06 18,100,1,0,4012,60,day0
2023-11-06 18,100,0,0,5030,3,day0
2023-11-06 18,100,0,0,5031,4230,day0
2023-11-06 18,100,1,0,5031,20,day0
2023-11-06 18,100,0,0,,4084,day0
2023-11-06 18,100,1,0,,11,day0
2023-11-06 18,133,0,0,,244,day0
2023-11-06 18,150,0,0,4010,10,day0
2023-11-06 18,150,0,0,5030,182,day0
2023-11-06 18,150,0,0,5031,1,day0
2023-11-06 18,150,0,0,,21,day0
2023-11-06 18,200,0,0,2001,224,day0
2023-11-06 18,200,0,0,4012,1,day0
2023-11-06 18,300,1,0,2001,110,day0
2023-11-06 18,300,1,0,4010,1,day0
2023-11-06 18,300,1,0,4012,5229,day0
2023-11-06 18,300,0,0,5004,10882,day0
2023-11-06 18,300,1,0,5031,20,day0
2023-11-06 18,400,1,0,2001,2,day0
2023-11-06 18,400,1,0,5031,1,day0
2023-11-06 19,100,0,0,2001,124215,day0
2023-11-06 19,100,1,0,2001,5,day0
2023-11-06 19,100,0,0,4010,1630,day0
2023-11-06 19,100,1,0,4010,5,day0
2023-11-06 19,100,0,0,4012,54357,day0
2023-11-06 19,100,1,0,4012,55,day0
2023-11-06 19,100,0,0,5031,3405,day0
2023-11-06 19,100,1,0,5031,66,day0
2023-11-06 19,100,0,0,,4187,day0
2023-11-06 19,100,1,0,,6,day0
2023-11-06 19,133,0,0,,326,day0
2023-11-06 19,150,0,0,4010,21,day0
2023-11-06 19,150,0,0,5030,156,day0
2023-11-06 19,150,0,0,,13,day0
2023-11-06 19,200,0,0,2001,231,day0
2023-11-06 19,200,0,0,4010,1,day0
2023-11-06 19,200,0,0,5030,3,day0
2023-11-06 19,200,0,0,5031,2,day0
2023-11-06 19,300,1,0,2001,89,day0
2023-11-06 19,300,1,0,4010,1,day0
2023-11-06 19,300,1,0,4012,12984,day0
2023-11-06 19,300,0,0,5004,17486,day0
2023-11-06 19,300,1,0,5031,4,day0
2023-11-06 19,400,1,0,2001,1,day0
2023-11-06 20,100,0,0,2001,78523,day0
2023-11-06 20,100,1,0,2001,5,day0
2023-11-06 20,100,0,0,4010,964,day0
2023-11-06 20,100,0,0,4012,36471,day0
2023-11-06 20,100,1,0,4012,49,day0
2023-11-06 20,100,0,0,5030,2,day0
2023-11-06 20,100,1,0,5030,1,day0
2023-11-06 20,100,0,0,5031,2617,day0
2023-11-06 20,100,1,0,5031,11,day0
2023-11-06 20,100,0,0,,2921,day0
2023-11-06 20,100,1,0,,3,day0
2023-11-06 20,133,0,0,,254,day0
2023-11-06 20,150,0,0,2001,2,day0
2023-11-06 20,150,0,0,4010,18,day0
2023-11-06 20,150,0,0,4012,1,day0
2023-11-06 20,150,0,0,5030,134,day0
2023-11-06 20,150,0,0,5031,1,day0
2023-11-06 20,150,0,0,,15,day0
2023-11-06 20,200,0,0,2001,124,day0
2023-11-06 20,300,1,0,2001,54,day0
2023-11-06 20,300,1,0,4012,2242,day0
2023-11-06 20,300,0,0,5004,1083,day0
2023-11-05 00,100,0,0,2001,36181,day1
2023-11-05 00,100,1,0,2001,8,day1
2023-11-05 00,100,0,0,4010,740,day1
2023-11-05 00,100,0,0,4012,19300,day1
2023-11-05 00,100,1,0,4012,37,day1
2023-11-05 00,100,0,0,5031,3226,day1
2023-11-05 00,100,1,0,5031,8,day1
2023-11-05 00,100,0,0,,1098,day1
2023-11-05 00,100,1,0,,3,day1
2023-11-05 00,133,0,0,,59,day1
2023-11-05 00,150,0,0,4010,3,day1
2023-11-05 00,150,0,0,5030,48,day1
2023-11-05 00,150,0,0,5031,1,day1
2023-11-05 00,150,0,0,,7,day1
2023-11-05 00,200,0,0,2001,26,day1
2023-11-05 00,200,0,0,5031,2,day1
2023-11-05 00,300,1,0,2001,13,day1
2023-11-05 00,300,1,0,4012,70,day1
2023-11-05 00,300,0,0,5004,111,day1
2023-11-05 00,300,1,0,5031,1,day1
2023-11-05 01,100,0,0,2001,23892,day1
2023-11-05 01,100,1,0,2001,20,day1
2023-11-05 01,100,0,0,4010,537,day1
2023-11-05 01,100,0,0,4012,11752,day1
2023-11-05 01,100,1,0,4012,33,day1
2023-11-05 01,100,0,1,5005,1,day1
2023-11-05 01,100,0,0,5031,971,day1
2023-11-05 01,100,1,0,5031,12,day1
2023-11-05 01,100,0,0,,678,day1
2023-11-05 01,100,1,0,,1,day1
2023-11-05 01,133,0,0,,30,day1
2023-11-05 01,150,0,0,4010,1,day1
2023-11-05 01,150,0,0,5030,29,day1
2023-11-05 01,150,1,0,5031,1,day1
2023-11-05 01,150,0,0,,1,day1
2023-11-05 01,200,0,0,2001,19,day1
2023-11-05 01,200,0,0,5031,1,day1
2023-11-05 01,300,1,0,2001,7,day1
2023-11-05 01,300,1,0,4012,91,day1
2023-11-05 01,300,0,0,5004,109,day1
2023-11-05 01,300,1,0,5031,2,day1
2023-11-05 02,100,0,0,2001,16861,day1
2023-11-05 02,100,0,0,4010,447,day1
2023-11-05 02,100,0,0,4012,7551,day1
2023-11-05 02,100,1,0,4012,8,day1
2023-11-05 02,100,0,0,5031,594,day1
2023-11-05 02,100,1,0,5031,2,day1
2023-11-05 02,100,0,0,,538,day1
2023-11-05 02,100,1,0,,2,day1
2023-11-05 02,133,0,0,,33,day1
2023-11-05 02,150,0,0,4010,1,day1
2023-11-05 02,150,0,0,5030,7,day1
2023-11-05 02,150,0,0,5031,1,day1
2023-11-05 02,150,0,0,,1,day1
2023-11-05 02,200,0,0,2001,24,day1
2023-11-05 02,200,0,0,4012,2,day1
2023-11-05 02,200,0,0,5031,3,day1
2023-11-05 02,300,1,0,2001,10,day1
2023-11-05 02,300,1,0,4012,72,day1
2023-11-05 02,300,0,0,5004,76,day1
2023-11-05 03,100,0,0,2001,14357,day1
2023-11-05 03,100,1,0,2001,1,day1
2023-11-05 03,100,0,0,4010,435,day1
2023-11-05 03,100,1,0,4010,1,day1
2023-11-05 03,100,0,0,4012,6526,day1
2023-11-05 03,100,1,0,4012,11,day1
2023-11-05 03,100,0,0,5031,639,day1
2023-11-05 03,100,1,0,5031,13,day1
2023-11-05 03,100,0,0,,417,day1
2023-11-05 03,100,1,0,,5,day1
2023-11-05 03,133,0,0,,12,day1
2023-11-05 03,150,0,0,4010,1,day1
2023-11-05 03,150,0,0,5030,8,day1
2023-11-05 03,150,0,0,,1,day1
2023-11-05 03,200,0,0,2001,18,day1
2023-11-05 03,300,1,0,2001,5,day1
2023-11-05 03,300,1,0,4012,115,day1
2023-11-05 03,300,0,0,5004,56,day1
2023-11-05 04,100,0,0,2001,20672,day1
2023-11-05 04,100,1,0,2001,5,day1
2023-11-05 04,100,0,0,4010,544,day1
2023-11-05 04,100,0,0,4012,9642,day1
2023-11-05 04,100,1,0,4012,12,day1
2023-11-05 04,100,0,1,5005,1,day1
2023-11-05 04,100,0,0,5031,808,day1
2023-11-05 04,100,1,0,5031,13,day1
2023-11-05 04,100,0,0,,601,day1
2023-11-05 04,100,1,0,,6,day1
2023-11-05 04,133,0,0,,11,day1
2023-11-05 04,150,0,0,4010,7,day1
2023-11-05 04,150,0,0,5030,9,day1
2023-11-05 04,150,1,0,,1,day1
2023-11-05 04,200,0,0,2001,22,day1
2023-11-05 04,200,0,0,5031,1,day1
2023-11-05 04,300,1,0,2001,1,day1
2023-11-05 04,300,1,0,4012,33,day1
2023-11-05 04,300,0,0,5004,10,day1
2023-11-05 04,300,1,0,5031,6,day1
2023-11-05 05,100,0,0,2001,39557,day1
2023-11-05 05,100,1,0,2001,3,day1
2023-11-05 05,100,0,0,4010,694,day1
2023-11-05 05,100,0,0,4012,17322,day1
2023-11-05 05,100,1,0,4012,21,day1
2023-11-05 05,100,0,0,5031,998,day1
2023-11-05 05,100,1,0,5031,15,day1
2023-11-05 05,100,0,0,,1080,day1
2023-11-05 05,100,1,0,,2,day1
2023-11-05 05,133,0,0,,43,day1
2023-11-05 05,150,0,0,4010,1,day1
2023-11-05 05,150,0,0,5030,30,day1
2023-11-05 05,150,1,0,,1,day1
2023-11-05 05,200,0,0,2001,44,day1
2023-11-05 05,300,1,0,2001,12,day1
2023-11-05 05,300,1,0,4012,66,day1
2023-11-05 05,300,0,0,5004,27,day1
2023-11-05 06,100,0,0,2001,59449,day1
2023-11-05 06,100,1,0,2001,9,day1
2023-11-05 06,100,0,0,4010,884,day1
2023-11-05 06,100,0,0,4012,25831,day1
2023-11-05 06,100,1,0,4012,16,day1
2023-11-05 06,100,0,0,5031,1489,day1
2023-11-05 06,100,1,0,5031,10,day1
2023-11-05 06,100,0,0,,1735,day1
2023-11-05 06,100,1,0,,2,day1
2023-11-05 06,133,0,0,,74,day1
2023-11-05 06,150,0,0,4010,1,day1
2023-11-05 06,150,0,0,4012,2,day1
2023-11-05 06,150,0,0,5030,48,day1
2023-11-05 06,150,0,0,,6,day1
2023-11-05 06,200,0,0,2001,62,day1
2023-11-05 06,300,1,0,2001,15,day1
2023-11-05 06,300,1,0,4012,74,day1
2023-11-05 06,300,0,0,5004,135,day1
2023-11-05 06,300,1,0,5031,2,day1
2023-11-05 07,100,0,0,2001,78240,day1
2023-11-05 07,100,1,0,2001,3,day1
2023-11-05 07,100,0,0,4010,993,day1
2023-11-05 07,100,0,0,4012,35681,day1
2023-11-05 07,100,1,0,4012,55,day1
2023-11-05 07,100,0,0,5031,1892,day1
2023-11-05 07,100,1,0,5031,6,day1
2023-11-05 07,100,0,0,,2469,day1
2023-11-05 07,100,1,0,,7,day1
2023-11-05 07,133,0,0,,193,day1
2023-11-05 07,150,0,0,2001,4,day1
2023-11-05 07,150,0,0,4010,7,day1
2023-11-05 07,150,0,0,5030,71,day1
2023-11-05 07,150,0,0,,6,day1
2023-11-05 07,200,0,0,2001,114,day1
2023-11-05 07,300,1,0,2001,20,day1
2023-11-05 07,300,1,0,4012,741,day1
2023-11-05 07,300,0,0,5004,746,day1
2023-11-05 07,300,1,0,5031,9,day1
2023-11-05 07,400,1,0,2001,1,day1
2023-11-05 08,100,0,0,2001,98109,day1
2023-11-05 08,100,1,0,2001,2,day1
2023-11-05 08,100,0,0,4010,978,day1
2023-11-05 08,100,0,0,4012,44679,day1
2023-11-05 08,100,1,0,4012,52,day1
2023-11-05 08,100,0,0,5031,2657,day1
2023-11-05 08,100,1,0,5031,5,day1
2023-11-05 08,100,0,0,,2966,day1
2023-11-05 08,100,1,0,,2,day1
2023-11-05 08,133,0,0,,206,day1
2023-11-05 08,150,0,0,2001,1,day1
2023-11-05 08,150,0,0,4010,9,day1
2023-11-05 08,150,0,0,4012,1,day1
2023-11-05 08,150,0,0,5030,69,day1
2023-11-05 08,150,0,0,,6,day1
2023-11-05 08,200,0,0,2001,139,day1
2023-11-05 08,200,0,0,4012,24,day1
2023-11-05 08,200,0,0,,1,day1
2023-11-05 08,300,1,0,2001,100,day1
2023-11-05 08,300,1,0,4012,3131,day1
2023-11-05 08,300,0,0,5004,3039,day1
2023-11-05 08,300,1,0,5031,26,day1
2023-11-05 08,400,1,0,2001,1,day1
2023-11-05 09,100,0,0,2001,110614,day1
2023-11-05 09,100,1,0,2001,6,day1
2023-11-05 09,100,0,0,4010,1093,day1
2023-11-05 09,100,0,0,4012,49891,day1
2023-11-05 09,100,1,0,4012,37,day1
2023-11-05 09,100,0,0,5030,1,day1
2023-11-05 09,100,0,0,5031,2938,day1
2023-11-05 09,100,1,0,5031,12,day1
2023-11-05 09,100,0,0,,3411,day1
2023-11-05 09,133,0,0,,270,day1
2023-11-05 09,150,0,0,4010,9,day1
2023-11-05 09,150,0,0,4012,1,day1
2023-11-05 09,150,0,0,5030,120,day1
2023-11-05 09,150,0,0,5031,2,day1
2023-11-05 09,150,0,0,,6,day1
2023-11-05 09,200,0,0,2001,220,day1
2023-11-05 09,200,0,0,4012,175,day1
2023-11-05 09,200,0,0,,1,day1
2023-11-05 09,300,1,0,2001,102,day1
2023-11-05 09,300,1,0,4012,3213,day1
2023-11-05 09,300,0,0,5004,3498,day1
2023-11-05 09,300,1,0,5031,48,day1
2023-11-05 09,400,1,0,2001,2,day1
2023-11-05 10,100,0,0,2001,114709,day1
2023-11-05 10,100,1,0,2001,6,day1
2023-11-05 10,100,0,0,4010,1243,day1
2023-11-05 10,100,0,0,4012,50962,day1
2023-11-05 10,100,1,0,4012,71,day1
2023-11-05 10,100,0,1,5005,1,day1
2023-11-05 10,100,0,0,5030,1,day1
2023-11-05 10,100,0,0,5031,3331,day1
2023-11-05 10,100,1,0,5031,20,day1
2023-11-05 10,100,0,0,,3539,day1
2023-11-05 10,100,1,0,,4,day1
2023-11-05 10,133,0,0,,213,day1
2023-11-05 10,150,0,0,4010,16,day1
2023-11-05 10,150,0,0,5030,166,day1
2023-11-05 10,150,0,0,5031,2,day1
2023-11-05 10,150,0,0,,14,day1
2023-11-05 10,150,1,0,,1,day1
2023-11-05 10,200,0,0,2001,195,day1
2023-11-05 10,200,0,0,4012,25,day1
2023-11-05 10,200,0,0,5031,1,day1
2023-11-05 10,300,1,0,2001,150,day1
2023-11-05 10,300,1,0,4012,4163,day1
2023-11-05 10,300,0,0,5004,3850,day1
2023-11-05 10,300,1,0,5031,39,day1
2023-11-05 10,400,1,0,2001,3,day1
2023-11-05 11,100,0,0,2001,110263,day1
2023-11-05 11,100,1,0,2001,13,day1
2023-11-05 11,100,0,0,4010,1219,day1
2023-11-05 11,100,1,0,4010,1,day1
2023-11-05 11,100,0,0,4012,50096,day1
2023-11-05 11,100,1,0,4012,73,day1
2023-11-05 11,100,0,1,5005,3,day1
2023-11-05 11,100,1,0,5030,2,day1
2023-11-05 11,100,0,0,5031,3806,day1
2023-11-05 11,100,1,0,5031,26,day1
2023-11-05 11,100,0,0,,3487,day1
2023-11-05 11,100,1,0,,3,day1
2023-11-05 11,133,0,0,,272,day1
2023-11-05 11,150,0,0,4010,20,day1
2023-11-05 11,150,0,0,5030,108,day1
2023-11-05 11,150,0,0,5031,2,day1
2023-11-05 11,150,0,0,,12,day1
2023-11-05 11,200,0,0,2001,256,day1
2023-11-05 11,200,0,0,4010,1,day1
2023-11-05 11,200,0,0,4012,1,day1
2023-11-05 11,200,0,0,5031,1,day1
2023-11-05 11,200,0,0,,1,day1
2023-11-05 11,300,1,0,2001,100,day1
2023-11-05 11,300,1,0,4012,3064,day1
2023-11-05 11,300,0,0,5004,2898,day1
2023-11-05 11,300,1,0,5031,53,day1
2023-11-05 11,400,1,0,2001,1,day1
2023-11-05 12,100,0,0,2001,115026,day1
2023-11-05 12,100,1,0,2001,10,day1
2023-11-05 12,100,0,0,4010,1152,day1
2023-11-05 12,100,0,0,4012,52008,day1
2023-11-05 12,100,1,0,4012,58,day1
2023-11-05 12,100,0,1,5005,1,day1
2023-11-05 12,100,0,0,5031,3847,day1
2023-11-05 12,100,1,0,5031,15,day1
2023-11-05 12,100,0,0,,3291,day1
2023-11-05 12,100,1,0,,3,day1
2023-11-05 12,133,0,0,,265,day1
2023-11-05 12,150,0,0,4010,6,day1
2023-11-05 12,150,0,0,4012,2,day1
2023-11-05 12,150,0,0,5030,104,day1
2023-11-05 12,150,0,0,5031,4,day1
2023-11-05 12,150,0,0,,18,day1
2023-11-05 12,200,0,0,2001,287,day1
2023-11-05 12,200,0,0,5031,1,day1
2023-11-05 12,300,1,0,2001,130,day1
2023-11-05 12,300,1,0,4012,4807,day1
2023-11-05 12,300,0,0,5004,4366,day1
2023-11-05 12,300,1,0,5031,66,day1
2023-11-05 12,400,1,0,2001,3,day1
2023-11-05 13,100,0,0,2001,105524,day1
2023-11-05 13,100,1,0,2001,12,day1
2023-11-05 13,100,0,0,4010,1042,day1
2023-11-05 13,100,0,0,4012,48435,day1
2023-11-05 13,100,1,0,4012,56,day1
2023-11-05 13,100,0,0,5030,4,day1
2023-11-05 13,100,0,0,5031,3613,day1
2023-11-05 13,100,1,0,5031,17,day1
2023-11-05 13,100,0,0,,3118,day1
2023-11-05 13,100,1,0,,2,day1
2023-11-05 13,133,0,0,,223,day1
2023-11-05 13,150,0,0,4010,15,day1
2023-11-05 13,150,0,0,5030,136,day1
2023-11-05 13,150,0,0,5031,3,day1
2023-11-05 13,150,0,0,,17,day1
2023-11-05 13,200,0,0,2001,217,day1
2023-11-05 13,200,0,0,4010,1,day1
2023-11-05 13,200,0,0,4012,3,day1
2023-11-05 13,200,0,0,5031,1,day1
2023-11-05 13,200,0,0,,2,day1
2023-11-05 13,300,1,0,2001,61,day1
2023-11-05 13,300,1,0,4012,3285,day1
2023-11-05 13,300,0,0,5004,2424,day1
2023-11-05 13,300,1,0,5031,49,day1
2023-11-05 13,400,1,0,2001,1,day1
2023-11-05 14,100,0,0,2001,104231,day1
2023-11-05 14,100,1,0,2001,8,day1
2023-11-05 14,100,0,0,4010,1105,day1
2023-11-05 14,100,0,0,4012,47005,day1
2023-11-05 14,100,1,0,4012,54,day1
2023-11-05 14,100,0,0,5031,4065,day1
2023-11-05 14,100,1,0,5031,20,day1
2023-11-05 14,100,0,0,,2993,day1
2023-11-05 14,100,1,0,,12,day1
2023-11-05 14,133,0,0,,199,day1
2023-11-05 14,150,0,0,4010,21,day1
2023-11-05 14,150,0,0,5030,111,day1
2023-11-05 14,150,0,0,5031,5,day1
2023-11-05 14,150,0,0,,13,day1
2023-11-05 14,200,0,0,2001,392,day1
2023-11-05 14,200,0,0,4010,3,day1
2023-11-05 14,200,0,0,5031,1,day1
2023-11-05 14,300,1,0,2001,113,day1
2023-11-05 14,300,1,0,4012,3035,day1
2023-11-05 14,300,0,0,5004,2534,day1
2023-11-05 14,300,1,0,5031,9,day1
2023-11-05 14,400,1,0,2001,1,day1
2023-11-05 15,100,0,0,2001,105951,day1
2023-11-05 15,100,1,0,2001,7,day1
2023-11-05 15,100,0,0,4010,1184,day1
2023-11-05 15,100,1,0,4010,2,day1
2023-11-05 15,100,0,0,4012,47830,day1
2023-11-05 15,100,1,0,4012,61,day1
2023-11-05 15,100,0,1,5005,1,day1
2023-11-05 15,100,0,0,5031,3975,day1
2023-11-05 15,100,1,0,5031,8,day1
2023-11-05 15,100,0,0,,2968,day1
2023-11-05 15,100,1,0,,14,day1
2023-11-05 15,133,0,0,,195,day1
2023-11-05 15,150,0,0,2001,1,day1
2023-11-05 15,150,0,0,4010,12,day1
2023-11-05 15,150,0,0,4012,1,day1
2023-11-05 15,150,0,0,5030,113,day1
2023-11-05 15,150,0,0,5031,4,day1
2023-11-05 15,150,0,0,,6,day1
2023-11-05 15,150,1,0,,1,day1
2023-11-05 15,200,0,0,2001,195,day1
2023-11-05 15,200,0,0,4012,2,day1
2023-11-05 15,200,0,0,5031,5,day1
2023-11-05 15,300,1,0,2001,88,day1
2023-11-05 15,300,1,0,4012,2593,day1
2023-11-05 15,300,0,0,5004,2195,day1
2023-11-05 15,300,1,0,5031,10,day1
2023-11-05 15,400,1,0,2001,2,day1
2023-11-05 16,100,0,0,2001,113629,day1
2023-11-05 16,100,1,0,2001,3,day1
2023-11-05 16,100,0,0,4010,1449,day1
2023-11-05 16,100,1,0,4010,1,day1
2023-11-05 16,100,0,0,4012,48932,day1
2023-11-05 16,100,1,0,4012,48,day1
2023-11-05 16,100,0,0,5031,3192,day1
2023-11-05 16,100,1,0,5031,18,day1
2023-11-05 16,100,0,0,,3014,day1
2023-11-05 16,100,1,0,,4,day1
2023-11-05 16,133,0,0,,189,day1
2023-11-05 16,150,0,0,2001,2,day1
2023-11-05 16,150,0,0,4010,17,day1
2023-11-05 16,150,0,0,5030,125,day1
2023-11-05 16,150,0,0,5031,1,day1
2023-11-05 16,150,0,0,,15,day1
2023-11-05 16,200,0,0,2001,171,day1
2023-11-05 16,200,0,0,4012,1,day1
2023-11-05 16,200,0,0,5031,4,day1
2023-11-05 16,300,1,0,2001,71,day1
2023-11-05 16,300,1,0,4012,2905,day1
2023-11-05 16,300,0,0,5004,2465,day1
2023-11-05 16,300,1,0,5031,42,day1
2023-11-05 17,100,0,0,2001,112095,day1
2023-11-05 17,100,1,0,2001,19,day1
2023-11-05 17,100,0,0,4010,1830,day1
2023-11-05 17,100,0,0,4012,50782,day1
2023-11-05 17,100,1,0,4012,49,day1
2023-11-05 17,100,0,1,5005,2,day1
2023-11-05 17,100,0,0,5031,3010,day1
2023-11-05 17,100,1,0,5031,28,day1
2023-11-05 17,100,0,0,,3328,day1
2023-11-05 17,100,1,0,,2,day1
2023-11-05 17,133,0,0,,239,day1
2023-11-05 17,150,0,0,4010,19,day1
2023-11-05 17,150,0,0,5030,155,day1
2023-11-05 17,150,0,0,5031,2,day1
2023-11-05 17,150,0,0,,13,day1
2023-11-05 17,200,0,0,2001,147,day1
2023-11-05 17,200,0,0,5031,1,day1
2023-11-05 17,300,1,0,2001,60,day1
2023-11-05 17,300,1,0,4012,2188,day1
2023-11-05 17,300,0,0,5004,2014,day1
2023-11-05 17,300,1,0,5031,35,day1
2023-11-05 18,100,0,0,2001,122127,day1
2023-11-05 18,100,1,0,2001,7,day1
2023-11-05 18,100,0,0,4010,1648,day1
2023-11-05 18,100,0,0,4012,57695,day1
2023-11-05 18,100,1,0,4012,40,day1
2023-11-05 18,100,0,1,5005,1,day1
2023-11-05 18,100,0,0,5030,2,day1
2023-11-05 18,100,0,0,5031,2884,day1
2023-11-05 18,100,1,0,5031,15,day1
2023-11-05 18,100,0,0,,3927,day1
2023-11-05 18,100,1,0,,5,day1
2023-11-05 18,133,0,0,,272,day1
2023-11-05 18,150,0,0,4010,15,day1
2023-11-05 18,150,0,0,5030,195,day1
2023-11-05 18,150,0,0,,19,day1
2023-11-05 18,200,0,0,2001,163,day1
2023-11-05 18,200,0,0,,1,day1
2023-11-05 18,300,1,0,2001,89,day1
2023-11-05 18,300,1,0,4012,3336,day1
2023-11-05 18,300,0,0,5004,2761,day1
2023-11-05 18,300,1,0,5031,32,day1
2023-11-05 19,100,0,0,2001,116157,day1
2023-11-05 19,100,1,0,2001,9,day1
2023-11-05 19,100,0,0,4010,1672,day1
2023-11-05 19,100,0,0,4012,55458,day1
2023-11-05 19,100,1,0,4012,62,day1
2023-11-05 19,100,0,0,5031,2705,day1
2023-11-05 19,100,1,0,5031,15,day1
2023-11-05 19,100,0,0,,4117,day1
2023-11-05 19,100,1,0,,16,day1
2023-11-05 19,133,0,0,,305,day1
2023-11-05 19,150,0,0,4010,12,day1
2023-11-05 19,150,0,0,4012,1,day1
2023-11-05 19,150,0,0,5030,206,day1
2023-11-05 19,150,0,0,5031,1,day1
2023-11-05 19,150,0,0,,20,day1
2023-11-05 19,200,0,0,2001,142,day1
2023-11-05 19,200,0,0,4012,1,day1
2023-11-05 19,200,0,0,5031,1,day1
2023-11-05 19,300,1,0,2001,93,day1
2023-11-05 19,300,1,0,4012,2188,day1
2023-11-05 19,300,0,0,5004,2099,day1
2023-11-05 19,300,1,0,5031,45,day1
2023-11-05 19,400,1,0,2001,3,day1
2023-11-05 20,100,0,0,2001,78057,day1
2023-11-05 20,100,1,0,2001,20,day1
2023-11-05 20,100,0,0,4010,1204,day1
2023-11-05 20,100,1,0,4010,3,day1
2023-11-05 20,100,0,0,4012,37242,day1
2023-11-05 20,100,1,0,4012,41,day1
2023-11-05 20,100,0,0,5031,1753,day1
2023-11-05 20,100,1,0,5031,24,day1
2023-11-05 20,100,0,0,,2904,day1
2023-11-05 20,100,1,0,,1,day1
2023-11-05 20,133,0,0,,248,day1
2023-11-05 20,150,0,0,4010,19,day1
2023-11-05 20,150,0,0,5030,136,day1
2023-11-05 20,150,0,0,5031,1,day1
2023-11-05 20,150,0,0,,26,day1
2023-11-05 20,200,0,0,2001,83,day1
2023-11-05 20,200,0,0,4010,1,day1
2023-11-05 20,200,0,0,4012,1,day1
2023-11-05 20,200,0,0,5031,1,day1
2023-11-05 20,300,1,0,2001,58,day1
2023-11-05 20,300,1,0,4012,403,day1
2023-11-05 20,300,0,0,5004,368,day1
2023-11-05 20,400,1,0,2001,1,day1
2023-10-30 00,100,0,0,2001,24421,day7
2023-10-30 00,100,1,0,2001,5,day7
2023-10-30 00,100,0,0,4010,128,day7
2023-10-30 00,100,0,0,4012,12724,day7
2023-10-30 00,100,1,0,4012,45,day7
2023-10-30 00,100,0,1,5005,1,day7
2023-10-30 00,100,0,0,5031,2327,day7
2023-10-30 00,100,1,0,5031,6,day7
2023-10-30 00,100,0,0,,879,day7
2023-10-30 00,100,1,0,,1,day7
2023-10-30 00,133,0,0,,42,day7
2023-10-30 00,150,0,0,4010,4,day7
2023-10-30 00,150,0,0,5030,37,day7
2023-10-30 00,150,0,0,5031,4,day7
2023-10-30 00,150,0,0,,2,day7
2023-10-30 00,200,0,0,2001,22,day7
2023-10-30 00,300,1,0,2001,17,day7
2023-10-30 00,300,1,0,4012,125,day7
2023-10-30 00,300,0,0,5004,112,day7
2023-10-30 01,100,0,0,2001,15707,day7
2023-10-30 01,100,1,0,2001,1,day7
2023-10-30 01,100,0,0,4010,82,day7
2023-10-30 01,100,0,0,4012,7686,day7
2023-10-30 01,100,1,0,4012,15,day7
2023-10-30 01,100,0,0,5031,737,day7
2023-10-30 01,100,1,0,5031,6,day7
2023-10-30 01,100,0,0,,584,day7
2023-10-30 01,100,1,0,,1,day7
2023-10-30 01,133,0,0,,21,day7
2023-10-30 01,150,0,0,4010,1,day7
2023-10-30 01,150,0,0,5030,16,day7
2023-10-30 01,150,0,0,,2,day7
2023-10-30 01,200,0,0,2001,11,day7
2023-10-30 01,300,1,0,4012,78,day7
2023-10-30 01,300,0,0,5004,68,day7
2023-10-30 02,100,0,0,2001,10856,day7
2023-10-30 02,100,1,0,2001,1,day7
2023-10-30 02,100,0,0,4010,37,day7
2023-10-30 02,100,0,0,4012,5186,day7
2023-10-30 02,100,1,0,4012,23,day7
2023-10-30 02,100,0,1,5005,3,day7
2023-10-30 02,100,0,0,5031,454,day7
2023-10-30 02,100,1,0,5031,1,day7
2023-10-30 02,100,0,0,,402,day7
2023-10-30 02,100,1,0,,1,day7
2023-10-30 02,133,0,0,,18,day7
2023-10-30 02,150,0,0,5030,10,day7
2023-10-30 02,150,0,0,,1,day7
2023-10-30 02,200,0,0,2001,34,day7
2023-10-30 02,300,1,0,2001,8,day7
2023-10-30 02,300,1,0,4012,111,day7
2023-10-30 02,300,0,0,5004,54,day7
2023-10-30 03,100,0,0,2001,9828,day7
2023-10-30 03,100,0,0,4010,59,day7
2023-10-30 03,100,1,0,4010,6,day7
2023-10-30 03,100,0,0,4012,4573,day7
2023-10-30 03,100,1,0,4012,11,day7
2023-10-30 03,100,0,0,5031,384,day7
2023-10-30 03,100,1,0,5031,3,day7
2023-10-30 03,100,0,0,,317,day7
2023-10-30 03,100,1,0,,1,day7
2023-10-30 03,133,0,0,,15,day7
2023-10-30 03,150,0,0,5030,11,day7
2023-10-30 03,200,0,0,2001,33,day7
2023-10-30 03,300,1,0,4012,79,day7
2023-10-30 03,300,0,0,5004,31,day7
2023-10-30 04,100,0,0,2001,17589,day7
2023-10-30 04,100,1,0,2001,2,day7
2023-10-30 04,100,0,0,4010,99,day7
2023-10-30 04,100,0,0,4012,7138,day7
2023-10-30 04,100,1,0,4012,11,day7
2023-10-30 04,100,0,0,5031,495,day7
2023-10-30 04,100,1,0,5031,10,day7
2023-10-30 04,100,0,0,,530,day7
2023-10-30 04,133,0,0,,12,day7
2023-10-30 04,150,0,0,4010,3,day7
2023-10-30 04,150,0,0,5030,8,day7
2023-10-30 04,150,0,0,5031,1,day7
2023-10-30 04,150,0,0,,1,day7
2023-10-30 04,200,0,0,2001,46,day7
2023-10-30 04,300,1,0,2001,5,day7
2023-10-30 04,300,1,0,4012,130,day7
2023-10-30 04,300,0,0,5004,13,day7
2023-10-30 05,100,0,0,2001,38188,day7
2023-10-30 05,100,1,0,2001,3,day7
2023-10-30 05,100,0,0,4010,180,day7
2023-10-30 05,100,1,0,4010,1,day7
2023-10-30 05,100,0,0,4012,15836,day7
2023-10-30 05,100,1,0,4012,12,day7
2023-10-30 05,100,0,0,5031,783,day7
2023-10-30 05,100,1,0,5031,11,day7
2023-10-30 05,100,0,0,,1048,day7
2023-10-30 05,100,1,0,,2,day7
2023-10-30 05,133,0,0,,41,day7
2023-10-30 05,150,0,0,4010,5,day7
2023-10-30 05,150,0,0,5030,23,day7
2023-10-30 05,150,0,0,5031,1,day7
2023-10-30 05,150,0,0,,2,day7
2023-10-30 05,150,1,0,,2,day7
2023-10-30 05,200,0,0,2001,80,day7
2023-10-30 05,300,1,0,2001,15,day7
2023-10-30 05,300,1,0,4012,126,day7
2023-10-30 05,300,0,0,5004,31,day7
2023-10-30 05,300,1,0,5031,7,day7
2023-10-30 06,100,0,0,2001,59599,day7
2023-10-30 06,100,1,0,2001,4,day7
2023-10-30 06,100,0,0,4010,366,day7
2023-10-30 06,100,1,0,4010,1,day7
2023-10-30 06,100,0,0,4012,27072,day7
2023-10-30 06,100,1,0,4012,25,day7
2023-10-30 06,100,0,0,5031,1203,day7
2023-10-30 06,100,1,0,5031,4,day7
2023-10-30 06,100,0,0,,2117,day7
2023-10-30 06,100,1,0,,5,day7
2023-10-30 06,133,0,0,,136,day7
2023-10-30 06,150,0,0,4010,7,day7
2023-10-30 06,150,0,0,4012,1,day7
2023-10-30 06,150,0,0,5030,63,day7
2023-10-30 06,150,0,0,5031,1,day7
2023-10-30 06,150,0,0,,8,day7
2023-10-30 06,200,0,0,2001,140,day7
2023-10-30 06,200,1,0,4012,1,day7
2023-10-30 06,300,1,0,2001,8,day7
2023-10-30 06,300,1,0,4012,88,day7
2023-10-30 06,300,0,0,5004,54,day7
2023-10-30 07,100,0,0,2001,75050,day7
2023-10-30 07,100,1,0,2001,3,day7
2023-10-30 07,100,0,0,4010,431,day7
2023-10-30 07,100,0,0,4012,33547,day7
2023-10-30 07,100,1,0,4012,22,day7
2023-10-30 07,100,0,0,5031,1724,day7
2023-10-30 07,100,1,0,5031,8,day7
2023-10-30 07,100,0,0,,2335,day7
2023-10-30 07,100,1,0,,1,day7
2023-10-30 07,133,0,0,,187,day7
2023-10-30 07,150,0,0,2001,4,day7
2023-10-30 07,150,0,0,4010,6,day7
2023-10-30 07,150,0,0,5030,67,day7
2023-10-30 07,150,0,0,,7,day7
2023-10-30 07,200,0,0,2001,199,day7
2023-10-30 07,200,0,0,4012,1,day7
2023-10-30 07,200,0,0,5031,1,day7
2023-10-30 07,200,0,0,,1,day7
2023-10-30 07,300,1,0,2001,26,day7
2023-10-30 07,300,1,0,4012,867,day7
2023-10-30 07,300,0,0,5004,1269,day7
2023-10-30 07,300,1,0,5031,2,day7
2023-10-30 08,100,0,0,2001,96066,day7
2023-10-30 08,100,1,0,2001,7,day7
2023-10-30 08,100,0,0,4010,569,day7
2023-10-30 08,100,0,0,4012,43864,day7
2023-10-30 08,100,1,0,4012,48,day7
2023-10-30 08,100,0,1,5005,1,day7
2023-10-30 08,100,1,0,5030,5,day7
2023-10-30 08,100,0,0,5031,2273,day7
2023-10-30 08,100,1,0,5031,11,day7
2023-10-30 08,100,0,0,,2675,day7
2023-10-30 08,100,1,0,,1,day7
2023-10-30 08,133,0,0,,272,day7
2023-10-30 08,150,0,0,2001,2,day7
2023-10-30 08,150,0,0,4010,11,day7
2023-10-30 08,150,0,0,4012,2,day7
2023-10-30 08,150,0,0,5030,40,day7
2023-10-30 08,150,0,0,5031,1,day7
2023-10-30 08,150,0,0,,11,day7
2023-10-30 08,200,0,0,2001,1150,day7
2023-10-30 08,200,0,0,4010,2,day7
2023-10-30 08,200,0,0,4012,6,day7
2023-10-30 08,200,0,0,5031,5,day7
2023-10-30 08,200,0,0,,1,day7
2023-10-30 08,300,1,0,2001,209,day7
2023-10-30 08,300,1,0,4010,1,day7
2023-10-30 08,300,1,0,4012,3061,day7
2023-10-30 08,300,0,0,5004,3353,day7
2023-10-30 08,300,1,0,5031,36,day7
2023-10-30 08,400,1,0,4012,1,day7
2023-10-30 08,400,0,0,5004,5,day7
2023-10-30 09,100,0,0,2001,110396,day7
2023-10-30 09,100,1,0,2001,10,day7
2023-10-30 09,100,0,0,4010,610,day7
2023-10-30 09,100,0,0,4012,48327,day7
2023-10-30 09,100,1,0,4012,56,day7
2023-10-30 09,100,0,0,5030,1,day7
2023-10-30 09,100,0,0,5031,3054,day7
2023-10-30 09,100,1,0,5031,7,day7
2023-10-30 09,100,0,0,,2906,day7
2023-10-30 09,100,1,0,,1,day7
2023-10-30 09,133,0,0,,243,day7
2023-10-30 09,150,0,0,2001,1,day7
2023-10-30 09,150,0,0,4010,6,day7
2023-10-30 09,150,0,0,5030,57,day7
2023-10-30 09,150,0,0,,7,day7
2023-10-30 09,200,0,0,2001,1904,day7
2023-10-30 09,200,0,0,4012,6,day7
2023-10-30 09,200,0,0,5031,5,day7
2023-10-30 09,300,1,0,2001,266,day7
2023-10-30 09,300,1,0,4012,3591,day7
2023-10-30 09,300,0,0,5004,3920,day7
2023-10-30 09,300,1,0,5031,30,day7
2023-10-30 09,400,1,0,2001,2,day7
2023-10-30 09,400,0,0,5004,1,day7
2023-10-30 10,100,0,0,2001,119597,day7
2023-10-30 10,100,1,0,2001,4,day7
2023-10-30 10,100,0,0,4010,753,day7
2023-10-30 10,100,0,0,4012,51183,day7
2023-10-30 10,100,1,0,4012,88,day7
2023-10-30 10,100,0,0,5030,1,day7
2023-10-30 10,100,1,0,5030,1,day7
2023-10-30 10,100,0,0,5031,3645,day7
2023-10-30 10,100,1,0,5031,15,day7
2023-10-30 10,100,0,0,6000,3,day7
2023-10-30 10,100,0,1,6000,7,day7
2023-10-30 10,100,0,0,,3049,day7
2023-10-30 10,100,1,0,,3,day7
2023-10-30 10,133,0,0,,224,day7
2023-10-30 10,150,0,0,4010,19,day7
2023-10-30 10,150,0,0,5030,88,day7
2023-10-30 10,150,0,0,5031,1,day7
2023-10-30 10,150,0,0,,9,day7
2023-10-30 10,200,0,0,2001,2188,day7
2023-10-30 10,200,0,0,4010,4,day7
2023-10-30 10,200,0,0,4012,6,day7
2023-10-30 10,200,0,0,5031,11,day7
2023-10-30 10,300,1,0,2001,332,day7
2023-10-30 10,300,1,0,4012,3405,day7
2023-10-30 10,300,0,0,5004,4594,day7
2023-10-30 10,300,1,0,5031,65,day7
2023-10-30 10,400,0,0,5004,2,day7
2023-10-30 11,100,0,0,2001,116065,day7
2023-10-30 11,100,1,0,2001,7,day7
2023-10-30 11,100,0,0,4010,619,day7
2023-10-30 11,100,0,0,4012,51124,day7
2023-10-30 11,100,1,0,4012,70,day7
2023-10-30 11,100,0,0,5031,3366,day7
2023-10-30 11,100,1,0,5031,16,day7
2023-10-30 11,100,0,0,,2919,day7
2023-10-30 11,100,1,0,,4,day7
2023-10-30 11,133,0,0,,213,day7
2023-10-30 11,150,0,0,2001,3,day7
2023-10-30 11,150,0,0,4010,10,day7
2023-10-30 11,150,0,0,5030,63,day7
2023-10-30 11,150,0,0,5031,2,day7
2023-10-30 11,150,0,0,,10,day7
2023-10-30 11,200,0,0,2001,2055,day7
2023-10-30 11,200,0,0,4010,3,day7
2023-10-30 11,200,0,0,4012,5,day7
2023-10-30 11,200,0,0,5031,6,day7
2023-10-30 11,300,1,0,2001,268,day7
2023-10-30 11,300,1,0,4010,4,day7
2023-10-30 11,300,1,0,4012,3105,day7
2023-10-30 11,300,0,0,5004,3378,day7
2023-10-30 11,300,1,0,5031,54,day7
2023-10-30 11,400,1,0,2001,7,day7
2023-10-30 11,400,1,0,4012,1,day7
2023-10-30 11,400,0,0,5004,4,day7
2023-10-30 12,100,0,0,2001,117977,day7
2023-10-30 12,100,1,0,2001,5,day7
2023-10-30 12,100,0,0,4010,601,day7
2023-10-30 12,100,1,0,4010,1,day7
2023-10-30 12,100,0,0,4012,52805,day7
2023-10-30 12,100,1,0,4012,44,day7
2023-10-30 12,100,0,1,5005,1,day7
2023-10-30 12,100,1,0,5030,2,day7
2023-10-30 12,100,0,0,5031,3094,day7
2023-10-30 12,100,1,0,5031,20,day7
2023-10-30 12,100,0,0,,2994,day7
2023-10-30 12,100,1,0,,8,day7
2023-10-30 12,133,0,0,,257,day7
2023-10-30 12,150,0,0,4010,9,day7
2023-10-30 12,150,0,0,5030,99,day7
2023-10-30 12,150,0,0,5031,3,day7
2023-10-30 12,150,0,0,,6,day7
2023-10-30 12,200,0,0,2001,593,day7
2023-10-30 12,200,0,0,4012,2,day7
2023-10-30 12,200,0,0,5031,5,day7
2023-10-30 12,300,1,0,2001,231,day7
2023-10-30 12,300,1,0,4012,3426,day7
2023-10-30 12,300,0,0,5004,4151,day7
2023-10-30 12,300,1,0,5031,63,day7
2023-10-30 12,400,1,0,2001,2,day7
2023-10-30 12,400,0,0,5004,1,day7
2023-10-30 13,100,0,0,2001,109948,day7
2023-10-30 13,100,1,0,2001,7,day7
2023-10-30 13,100,0,0,4010,702,day7
2023-10-30 13,100,0,0,4012,49859,day7
2023-10-30 13,100,1,0,4012,70,day7
2023-10-30 13,100,0,0,5030,3,day7
2023-10-30 13,100,1,0,5030,1,day7
2023-10-30 13,100,0,0,5031,3223,day7
2023-10-30 13,100,1,0,5031,24,day7
2023-10-30 13,100,0,0,,3130,day7
2023-10-30 13,100,1,0,,7,day7
2023-10-30 13,133,0,0,,209,day7
2023-10-30 13,150,0,0,4010,14,day7
2023-10-30 13,150,0,0,5030,87,day7
2023-10-30 13,150,0,0,,7,day7
2023-10-30 13,200,0,0,2001,1820,day7
2023-10-30 13,200,0,0,4010,2,day7
2023-10-30 13,200,0,0,4012,2,day7
2023-10-30 13,200,0,0,5031,8,day7
2023-10-30 13,200,0,0,,1,day7
2023-10-30 13,300,1,0,2001,202,day7
2023-10-30 13,300,1,0,4010,1,day7
2023-10-30 13,300,1,0,4012,2317,day7
2023-10-30 13,300,0,0,5004,2993,day7
2023-10-30 13,300,1,0,5031,19,day7
2023-10-30 13,400,1,0,2001,6,day7
2023-10-30 14,100,0,0,2001,111522,day7
2023-10-30 14,100,1,0,2001,9,day7
2023-10-30 14,100,0,0,4010,657,day7
2023-10-30 14,100,0,0,4012,51295,day7
2023-10-30 14,100,1,0,4012,41,day7
2023-10-30 14,100,0,0,5031,3731,day7
2023-10-30 14,100,1,0,5031,16,day7
2023-10-30 14,100,0,0,,2855,day7
2023-10-30 14,100,1,0,,5,day7
2023-10-30 14,133,0,0,,192,day7
2023-10-30 14,150,0,0,4010,11,day7
2023-10-30 14,150,0,0,5030,88,day7
2023-10-30 14,150,0,0,5031,2,day7
2023-10-30 14,150,0,0,,7,day7
2023-10-30 14,200,0,0,2001,2381,day7
2023-10-30 14,200,0,0,4010,3,day7
2023-10-30 14,200,0,0,4012,4,day7
2023-10-30 14,200,0,0,5031,7,day7
2023-10-30 14,300,1,0,2001,305,day7
2023-10-30 14,300,1,0,4012,2873,day7
2023-10-30 14,300,0,0,5004,3704,day7
2023-10-30 14,300,1,0,5031,14,day7
2023-10-30 14,400,0,0,5004,1,day7
2023-10-30 15,100,0,0,2001,117159,day7
2023-10-30 15,100,1,0,2001,4,day7
2023-10-30 15,100,0,0,4010,700,day7
2023-10-30 15,100,0,0,4012,53007,day7
2023-10-30 15,100,1,0,4012,41,day7
2023-10-30 15,100,0,1,5005,2,day7
2023-10-30 15,100,0,0,5030,1,day7
2023-10-30 15,100,1,0,5030,1,day7
2023-10-30 15,100,0,0,5031,3183,day7
2023-10-30 15,100,1,0,5031,20,day7
2023-10-30 15,100,0,0,,2785,day7
2023-10-30 15,100,1,0,,1,day7
2023-10-30 15,133,0,0,,196,day7
2023-10-30 15,150,0,0,4010,7,day7
2023-10-30 15,150,0,0,5030,96,day7
2023-10-30 15,150,0,0,5031,2,day7
2023-10-30 15,150,0,0,,16,day7
2023-10-30 15,200,0,0,2001,1792,day7
2023-10-30 15,200,0,0,4010,1,day7
2023-10-30 15,200,0,0,4012,13,day7
2023-10-30 15,200,0,0,5031,12,day7
2023-10-30 15,200,0,0,,1,day7
2023-10-30 15,300,1,0,2001,206,day7
2023-10-30 15,300,1,0,4012,2068,day7
2023-10-30 15,300,0,0,5004,2781,day7
2023-10-30 15,300,1,0,5031,20,day7
2023-10-30 15,400,1,0,2001,9,day7
2023-10-30 15,400,0,0,5004,2,day7
2023-10-30 16,100,0,0,2001,123158,day7
2023-10-30 16,100,1,0,2001,2,day7
2023-10-30 16,100,0,0,4010,695,day7
2023-10-30 16,100,1,0,4010,1,day7
2023-10-30 16,100,0,0,4012,54450,day7
2023-10-30 16,100,1,0,4012,56,day7
2023-10-30 16,100,0,0,5030,5,day7
2023-10-30 16,100,0,0,5031,3141,day7
2023-10-30 16,100,1,0,5031,19,day7
2023-10-30 16,100,0,0,,2962,day7
2023-10-30 16,100,1,0,,3,day7
2023-10-30 16,133,0,0,,171,day7
2023-10-30 16,150,0,0,4010,10,day7
2023-10-30 16,150,0,0,5030,83,day7
2023-10-30 16,150,0,0,5031,2,day7
2023-10-30 16,150,0,0,,5,day7
2023-10-30 16,200,0,0,2001,1369,day7
2023-10-30 16,200,0,0,4012,2,day7
2023-10-30 16,200,0,0,5031,6,day7
2023-10-30 16,300,1,0,2001,229,day7
2023-10-30 16,300,1,0,4010,1,day7
2023-10-30 16,300,1,0,4012,2630,day7
2023-10-30 16,300,0,0,5004,2759,day7
2023-10-30 16,300,1,0,5031,28,day7
2023-10-30 16,400,1,0,2001,2,day7
2023-10-30 16,400,0,0,5004,5,day7
2023-10-30 17,100,0,0,2001,120618,day7
2023-10-30 17,100,1,0,2001,9,day7
2023-10-30 17,100,0,0,4010,776,day7
2023-10-30 17,100,1,0,4010,2,day7
2023-10-30 17,100,0,0,4012,57178,day7
2023-10-30 17,100,1,0,4012,66,day7
2023-10-30 17,100,0,0,5005,1,day7
2023-10-30 17,100,0,1,5005,7,day7
2023-10-30 17,100,0,0,5031,3115,day7
2023-10-30 17,100,1,0,5031,23,day7
2023-10-30 17,100,0,0,,3194,day7
2023-10-30 17,100,1,0,,23,day7
2023-10-30 17,133,0,0,,224,day7
2023-10-30 17,150,0,0,4010,11,day7
2023-10-30 17,150,0,0,5030,92,day7
2023-10-30 17,150,0,0,5031,4,day7
2023-10-30 17,150,0,0,,16,day7
2023-10-30 17,200,0,0,2001,521,day7
2023-10-30 17,200,0,0,4012,3,day7
2023-10-30 17,300,1,0,2001,121,day7
2023-10-30 17,300,1,0,4012,1873,day7
2023-10-30 17,300,0,0,5004,2229,day7
2023-10-30 17,300,1,0,5031,43,day7
2023-10-30 17,400,1,0,4012,27,day7
2023-10-30 17,400,0,0,5004,2,day7
2023-10-30 18,100,0,0,2001,126354,day7
2023-10-30 18,100,1,0,2001,8,day7
2023-10-30 18,100,0,0,4010,811,day7
2023-10-30 18,100,1,0,4010,2,day7
2023-10-30 18,100,0,0,4012,61990,day7
2023-10-30 18,100,1,0,4012,55,day7
2023-10-30 18,100,0,0,5031,3109,day7
2023-10-30 18,100,1,0,5031,21,day7
2023-10-30 18,100,0,0,,4079,day7
2023-10-30 18,100,1,0,,12,day7
2023-10-30 18,133,0,0,,281,day7
2023-10-30 18,150,0,0,4010,15,day7
2023-10-30 18,150,0,0,5030,143,day7
2023-10-30 18,150,0,0,5031,1,day7
2023-10-30 18,150,0,0,,16,day7
2023-10-30 18,150,1,0,,1,day7
2023-10-30 18,200,0,0,2001,414,day7
2023-10-30 18,200,0,0,4012,3,day7
2023-10-30 18,200,0,0,5031,2,day7
2023-10-30 18,300,1,0,2001,194,day7
2023-10-30 18,300,1,0,4012,1884,day7
2023-10-30 18,300,0,0,5004,1801,day7
2023-10-30 18,300,1,0,5031,49,day7
2023-10-30 18,400,1,0,4012,1,day7
2023-10-30 19,100,0,0,2001,115831,day7
2023-10-30 19,100,1,0,2001,7,day7
2023-10-30 19,100,0,0,4010,777,day7
2023-10-30 19,100,0,0,4012,58228,day7
2023-10-30 19,100,1,0,4012,57,day7
2023-10-30 19,100,0,0,5031,2776,day7
2023-10-30 19,100,1,0,5031,21,day7
2023-10-30 19,100,0,0,,3998,day7
2023-10-30 19,100,1,0,,4,day7
2023-10-30 19,133,0,0,,269,day7
2023-10-30 19,150,0,0,4010,20,day7
2023-10-30 19,150,0,0,5030,124,day7
2023-10-30 19,150,0,0,5031,3,day7
2023-10-30 19,150,0,0,,15,day7
2023-10-30 19,200,0,0,2001,235,day7
2023-10-30 19,200,0,0,4012,4,day7
2023-10-30 19,200,0,0,5031,3,day7
2023-10-30 19,300,1,0,2001,155,day7
2023-10-30 19,300,1,0,4012,1211,day7
2023-10-30 19,300,0,0,5004,1592,day7
2023-10-30 19,300,1,0,5031,46,day7
2023-10-30 19,400,1,0,2001,1,day7
2023-10-30 20,100,0,0,2001,78135,day7
2023-10-30 20,100,1,0,2001,5,day7
2023-10-30 20,100,0,0,4010,516,day7
2023-10-30 20,100,0,0,4012,38539,day7
2023-10-30 20,100,1,0,4012,62,day7
2023-10-30 20,100,0,0,5031,1681,day7
2023-10-30 20,100,1,0,5031,8,day7
2023-10-30 20,100,0,0,,2887,day7
2023-10-30 20,100,1,0,,3,day7
2023-10-30 20,133,0,0,,256,day7
2023-10-30 20,150,0,0,4010,7,day7
2023-10-30 20,150,0,0,4012,1,day7
2023-10-30 20,150,0,0,5030,103,day7
2023-10-30 20,150,0,0,5031,3,day7
2023-10-30 20,150,0,0,,12,day7
2023-10-30 20,200,0,0,2001,152,day7
2023-10-30 20,200,0,0,4012,1,day7
2023-10-30 20,300,1,0,2001,57,day7
2023-10-30 20,300,1,0,4012,599,day7
2023-10-30 20,300,0,0,5004,563,day7
2023-10-30 20,300,1,0,5031,3,day7
2023-10-30 20,400,1,0,2001,3,day7
