CDRDATE,SERVICE_KEY,IS_ROAMING,DIAMETER,TOTAL,REMARK
25-10-2023 00,100,1,2001.0,3,day0
25-10-2023 00,100,0,2001.0,6020,day0
25-10-2023 00,100,0,2001.0,17865,day0
25-10-2023 00,100,1,2001.0,1,day0
25-10-2023 00,100,1,4010.0,1,day0
25-10-2023 00,100,0,4010.0,84,day0
25-10-2023 00,100,0,4010.0,35,day0
25-10-2023 00,100,0,4012.0,3065,day0
25-10-2023 00,100,0,4012.0,9281,day0
25-10-2023 00,100,1,4012.0,30,day0
25-10-2023 00,100,1,4012.0,24,day0
25-10-2023 00,100,1,5031.0,11,day0
25-10-2023 00,100,1,5031.0,17,day0
25-10-2023 00,100,0,5031.0,2444,day0
25-10-2023 00,100,0,5031.0,813,day0
25-10-2023 00,100,0,,666,day0
25-10-2023 00,100,0,,226,day0
25-10-2023 00,100,1,,1,day0
25-10-2023 00,133,0,,46,day0
25-10-2023 00,150,0,4010.0,3,day0
25-10-2023 00,150,0,5030.0,18,day0
25-10-2023 00,150,0,5030.0,6,day0
25-10-2023 00,150,0,5031.0,1,day0
25-10-2023 00,150,0,,2,day0
25-10-2023 00,200,0,2001.0,15,day0
25-10-2023 00,200,0,2001.0,4,day0
25-10-2023 00,200,0,4012.0,1,day0
25-10-2023 00,200,0,5031.0,1,day0
25-10-2023 00,300,1,2001.0,10,day0
25-10-2023 00,300,1,2001.0,5,day0
25-10-2023 00,300,1,4012.0,130,day0
25-10-2023 00,300,1,4012.0,97,day0
25-10-2023 00,300,0,5004.0,10,day0
25-10-2023 00,300,0,5004.0,12,day0
25-10-2023 01,100,1,2001.0,2,day0
25-10-2023 01,100,0,2001.0,11064,day0
25-10-2023 01,100,1,2001.0,1,day0
25-10-2023 01,100,0,2001.0,3770,day0
25-10-2023 01,100,0,4010.0,74,day0
25-10-2023 01,100,0,4010.0,22,day0
25-10-2023 01,100,0,4012.0,1870,day0
25-10-2023 01,100,1,4012.0,11,day0
25-10-2023 01,100,0,4012.0,5606,day0
25-10-2023 01,100,1,4012.0,15,day0
25-10-2023 01,100,0,5005.0,3,day0
25-10-2023 01,100,0,5005.0,1,day0
25-10-2023 01,100,1,5031.0,3,day0
25-10-2023 01,100,0,5031.0,260,day0
25-10-2023 01,100,1,5031.0,4,day0
25-10-2023 01,100,0,5031.0,782,day0
25-10-2023 01,100,0,,144,day0
25-10-2023 01,100,0,,436,day0
25-10-2023 01,100,1,,1,day0
25-10-2023 01,133,0,,23,day0
25-10-2023 01,150,0,5030.0,10,day0
25-10-2023 01,150,0,5030.0,4,day0
25-10-2023 01,200,0,2001.0,4,day0
25-10-2023 01,200,0,2001.0,17,day0
25-10-2023 01,200,0,4012.0,3,day0
25-10-2023 01,200,0,4012.0,4,day0
25-10-2023 01,200,0,5031.0,5,day0
25-10-2023 01,300,1,2001.0,2,day0
25-10-2023 01,300,1,2001.0,6,day0
25-10-2023 01,300,1,4012.0,71,day0
25-10-2023 01,300,1,4012.0,53,day0
25-10-2023 01,300,0,5004.0,4,day0
25-10-2023 01,300,0,5004.0,13,day0
25-10-2023 02,100,1,2001.0,2,day0
25-10-2023 02,100,0,2001.0,7743,day0
25-10-2023 02,100,0,2001.0,2571,day0
25-10-2023 02,100,0,4010.0,36,day0
25-10-2023 02,100,0,4010.0,15,day0
25-10-2023 02,100,1,4012.0,18,day0
25-10-2023 02,100,0,4012.0,3959,day0
25-10-2023 02,100,1,4012.0,11,day0
25-10-2023 02,100,0,4012.0,1303,day0
25-10-2023 02,100,0,5031.0,129,day0
25-10-2023 02,100,1,5031.0,5,day0
25-10-2023 02,100,0,5031.0,385,day0
25-10-2023 02,100,1,5031.0,1,day0
25-10-2023 02,100,0,,131,day0
25-10-2023 02,100,0,,352,day0
25-10-2023 02,133,0,,23,day0
25-10-2023 02,150,0,4010.0,1,day0
25-10-2023 02,150,0,4010.0,3,day0
25-10-2023 02,150,0,5030.0,3,day0
25-10-2023 02,150,0,5030.0,12,day0
25-10-2023 02,200,0,2001.0,4,day0
25-10-2023 02,200,0,2001.0,19,day0
25-10-2023 02,200,0,4012.0,15,day0
25-10-2023 02,200,0,4012.0,1,day0
25-10-2023 02,200,0,5031.0,13,day0
25-10-2023 02,200,0,5031.0,3,day0
25-10-2023 02,300,1,2001.0,1,day0
25-10-2023 02,300,1,4012.0,63,day0
25-10-2023 02,300,1,4012.0,43,day0
25-10-2023 02,300,0,5004.0,168,day0
25-10-2023 02,300,0,5004.0,155,day0
25-10-2023 03,100,1,2001.0,1,day0
25-10-2023 03,100,1,2001.0,1,day0
25-10-2023 03,100,0,2001.0,7014,day0
25-10-2023 03,100,0,2001.0,2372,day0
25-10-2023 03,100,0,4010.0,17,day0
25-10-2023 03,100,0,4010.0,40,day0
25-10-2023 03,100,0,4012.0,3642,day0
25-10-2023 03,100,1,4012.0,16,day0
25-10-2023 03,100,0,4012.0,1212,day0
25-10-2023 03,100,1,4012.0,6,day0
25-10-2023 03,100,0,5005.0,1,day0
25-10-2023 03,100,1,5031.0,3,day0
25-10-2023 03,100,0,5031.0,316,day0
25-10-2023 03,100,1,5031.0,3,day0
25-10-2023 03,100,0,5031.0,94,day0
25-10-2023 03,100,0,,103,day0
25-10-2023 03,100,0,,292,day0
25-10-2023 03,100,1,,1,day0
25-10-2023 03,133,0,,9,day0
25-10-2023 03,150,0,4012.0,1,day0
25-10-2023 03,150,0,5030.0,4,day0
25-10-2023 03,200,0,2001.0,6,day0
25-10-2023 03,200,0,2001.0,14,day0
25-10-2023 03,200,0,4012.0,1,day0
25-10-2023 03,200,0,5031.0,1,day0
25-10-2023 03,300,1,2001.0,3,day0
25-10-2023 03,300,1,2001.0,3,day0
25-10-2023 03,300,1,4012.0,73,day0
25-10-2023 03,300,1,4012.0,98,day0
25-10-2023 03,300,0,5004.0,14,day0
25-10-2023 03,300,0,5004.0,9,day0
25-10-2023 04,100,1,2001.0,1,day0
25-10-2023 04,100,0,2001.0,4063,day0
25-10-2023 04,100,0,2001.0,12078,day0
25-10-2023 04,100,0,4010.0,53,day0
25-10-2023 04,100,0,4010.0,18,day0
25-10-2023 04,100,1,4012.0,3,day0
25-10-2023 04,100,0,4012.0,1635,day0
25-10-2023 04,100,1,4012.0,2,day0
25-10-2023 04,100,0,4012.0,5202,day0
25-10-2023 04,100,0,5031.0,338,day0
25-10-2023 04,100,1,5031.0,1,day0
25-10-2023 04,100,1,5031.0,2,day0
25-10-2023 04,100,0,5031.0,102,day0
25-10-2023 04,100,0,,165,day0
25-10-2023 04,100,1,,3,day0
25-10-2023 04,100,0,,457,day0
25-10-2023 04,133,0,,17,day0
25-10-2023 04,150,0,4010.0,1,day0
25-10-2023 04,150,0,5030.0,7,day0
25-10-2023 04,150,0,5030.0,2,day0
25-10-2023 04,150,1,,1,day0
25-10-2023 04,150,0,,2,day0
25-10-2023 04,200,0,2001.0,21,day0
25-10-2023 04,200,0,2001.0,8,day0
25-10-2023 04,300,1,2001.0,1,day0
25-10-2023 04,300,1,2001.0,1,day0
25-10-2023 04,300,1,4012.0,66,day0
25-10-2023 04,300,1,4012.0,77,day0
25-10-2023 04,300,0,5004.0,126,day0
25-10-2023 04,300,0,5004.0,110,day0
25-10-2023 04,300,1,5031.0,1,day0
25-10-2023 05,100,0,2001.0,9379,day0
25-10-2023 05,100,0,2001.0,27776,day0
25-10-2023 05,100,1,2001.0,1,day0
25-10-2023 05,100,0,4010.0,48,day0
25-10-2023 05,100,0,4010.0,128,day0
25-10-2023 05,100,1,4012.0,10,day0
25-10-2023 05,100,0,4012.0,3864,day0
25-10-2023 05,100,1,4012.0,5,day0
25-10-2023 05,100,0,4012.0,11564,day0
25-10-2023 05,100,1,5031.0,3,day0
25-10-2023 05,100,1,5031.0,1,day0
25-10-2023 05,100,0,5031.0,188,day0
25-10-2023 05,100,0,5031.0,562,day0
25-10-2023 05,100,0,,303,day0
25-10-2023 05,100,1,,2,day0
25-10-2023 05,100,0,,881,day0
25-10-2023 05,133,0,,51,day0
25-10-2023 05,150,0,4010.0,3,day0
25-10-2023 05,150,0,4010.0,2,day0
25-10-2023 05,150,0,4012.0,2,day0
25-10-2023 05,150,0,4012.0,1,day0
25-10-2023 05,150,0,5030.0,10,day0
25-10-2023 05,150,0,5030.0,60,day0
25-10-2023 05,150,0,,2,day0
25-10-2023 05,150,0,,1,day0
25-10-2023 05,200,0,2001.0,38,day0
25-10-2023 05,200,0,2001.0,19,day0
25-10-2023 05,300,1,2001.0,2,day0
25-10-2023 05,300,1,2001.0,2,day0
25-10-2023 05,300,1,4012.0,32,day0
25-10-2023 05,300,1,4012.0,37,day0
25-10-2023 05,300,0,5004.0,18,day0
25-10-2023 05,300,0,5004.0,32,day0
25-10-2023 06,100,0,2001.0,43197,day0
25-10-2023 06,100,0,2001.0,14336,day0
25-10-2023 06,100,0,4010.0,59,day0
25-10-2023 06,100,0,4010.0,190,day0
25-10-2023 06,100,1,4012.0,9,day0
25-10-2023 06,100,0,4012.0,19479,day0
25-10-2023 06,100,1,4012.0,9,day0
25-10-2023 06,100,0,4012.0,6436,day0
25-10-2023 06,100,1,5031.0,2,day0
25-10-2023 06,100,0,5031.0,275,day0
25-10-2023 06,100,0,5031.0,814,day0
25-10-2023 06,100,1,5031.0,5,day0
25-10-2023 06,100,1,,2,day0
25-10-2023 06,100,0,,1606,day0
25-10-2023 06,100,0,,491,day0
25-10-2023 06,133,0,,118,day0
25-10-2023 06,150,0,2001.0,1,day0
25-10-2023 06,150,0,4010.0,2,day0
25-10-2023 06,150,0,4010.0,5,day0
25-10-2023 06,150,0,5030.0,10,day0
25-10-2023 06,150,0,5030.0,32,day0
25-10-2023 06,150,0,,1,day0
25-10-2023 06,150,0,,4,day0
25-10-2023 06,200,0,2001.0,42,day0
25-10-2023 06,200,0,2001.0,93,day0
25-10-2023 06,300,1,2001.0,19,day0
25-10-2023 06,300,1,2001.0,5,day0
25-10-2023 06,300,1,4012.0,46,day0
25-10-2023 06,300,1,4012.0,70,day0
25-10-2023 06,300,0,5004.0,39,day0
25-10-2023 06,300,0,5004.0,64,day0
25-10-2023 07,100,0,2001.0,18302,day0
25-10-2023 07,100,1,2001.0,5,day0
25-10-2023 07,100,0,2001.0,54628,day0
25-10-2023 07,100,1,2001.0,7,day0
25-10-2023 07,100,0,4010.0,241,day0
25-10-2023 07,100,0,4010.0,84,day0
25-10-2023 07,100,0,4012.0,8489,day0
25-10-2023 07,100,0,4012.0,25015,day0
25-10-2023 07,100,1,4012.0,25,day0
25-10-2023 07,100,1,4012.0,16,day0
25-10-2023 07,100,1,5031.0,6,day0
25-10-2023 07,100,0,5031.0,435,day0
25-10-2023 07,100,1,5031.0,4,day0
25-10-2023 07,100,0,5031.0,1186,day0
25-10-2023 07,100,1,,4,day0
25-10-2023 07,100,1,,3,day0
25-10-2023 07,100,0,,631,day0
25-10-2023 07,100,0,,1909,day0
25-10-2023 07,133,0,,197,day0
25-10-2023 07,150,0,4010.0,10,day0
25-10-2023 07,150,0,5030.0,33,day0
25-10-2023 07,150,0,5030.0,17,day0
25-10-2023 07,150,0,,6,day0
25-10-2023 07,200,0,2001.0,47,day0
25-10-2023 07,200,0,2001.0,149,day0
25-10-2023 07,200,0,5031.0,1,day0
25-10-2023 07,300,1,2001.0,8,day0
25-10-2023 07,300,1,2001.0,16,day0
25-10-2023 07,300,1,4012.0,231,day0
25-10-2023 07,300,1,4012.0,318,day0
25-10-2023 07,300,0,5004.0,377,day0
25-10-2023 07,300,0,5004.0,499,day0
25-10-2023 07,300,1,5031.0,22,day0
25-10-2023 07,300,1,5031.0,18,day0
25-10-2023 08,100,1,2001.0,1,day0
25-10-2023 08,100,0,2001.0,70632,day0
25-10-2023 08,100,1,2001.0,2,day0
25-10-2023 08,100,0,2001.0,24015,day0
25-10-2023 08,100,0,4010.0,312,day0
25-10-2023 08,100,0,4010.0,114,day0
25-10-2023 08,100,0,4012.0,10905,day0
25-10-2023 08,100,1,4012.0,46,day0
25-10-2023 08,100,0,4012.0,31460,day0
25-10-2023 08,100,1,4012.0,51,day0
25-10-2023 08,100,0,5031.0,1713,day0
25-10-2023 08,100,1,5031.0,4,day0
25-10-2023 08,100,0,5031.0,644,day0
25-10-2023 08,100,1,5031.0,2,day0
25-10-2023 08,100,1,,4,day0
25-10-2023 08,100,0,,1931,day0
25-10-2023 08,100,1,,2,day0
25-10-2023 08,100,0,,647,day0
25-10-2023 08,133,0,,207,day0
25-10-2023 08,150,0,4010.0,3,day0
25-10-2023 08,150,0,4010.0,6,day0
25-10-2023 08,150,0,4012.0,2,day0
25-10-2023 08,150,0,5030.0,8,day0
25-10-2023 08,150,0,5030.0,32,day0
25-10-2023 08,150,0,5031.0,1,day0
25-10-2023 08,150,0,5031.0,1,day0
25-10-2023 08,150,0,,1,day0
25-10-2023 08,150,0,,4,day0
25-10-2023 08,200,0,2001.0,793,day0
25-10-2023 08,200,0,2001.0,273,day0
25-10-2023 08,200,0,4012.0,9,day0
25-10-2023 08,200,0,4012.0,4,day0
25-10-2023 08,200,0,5031.0,7,day0
25-10-2023 08,200,0,5031.0,3,day0
25-10-2023 08,300,1,2001.0,68,day0
25-10-2023 08,300,1,2001.0,122,day0
25-10-2023 08,300,1,4012.0,1670,day0
25-10-2023 08,300,1,4012.0,1187,day0
25-10-2023 08,300,0,5004.0,1673,day0
25-10-2023 08,300,0,5004.0,2047,day0
25-10-2023 08,300,1,5031.0,4,day0
25-10-2023 08,300,1,5031.0,6,day0
25-10-2023 08,400,1,2001.0,1,day0
25-10-2023 08,400,1,4012.0,3,day0
25-10-2023 08,400,1,4012.0,2,day0
25-10-2023 08,400,0,5004.0,3,day0
25-10-2023 09,100,0,2001.0,27149,day0
25-10-2023 09,100,1,2001.0,7,day0
25-10-2023 09,100,0,2001.0,79300,day0
25-10-2023 09,100,1,2001.0,5,day0
25-10-2023 09,100,0,4010.0,353,day0
25-10-2023 09,100,0,4010.0,119,day0
25-10-2023 09,100,1,4012.0,22,day0
25-10-2023 09,100,0,4012.0,35492,day0
25-10-2023 09,100,1,4012.0,18,day0
25-10-2023 09,100,0,4012.0,12352,day0
25-10-2023 09,100,1,5031.0,4,day0
25-10-2023 09,100,1,5031.0,8,day0
25-10-2023 09,100,0,5031.0,2346,day0
25-10-2023 09,100,0,5031.0,789,day0
25-10-2023 09,100,1,,1,day0
25-10-2023 09,100,0,,2164,day0
25-10-2023 09,100,0,,733,day0
25-10-2023 09,133,0,,227,day0
25-10-2023 09,150,0,4010.0,14,day0
25-10-2023 09,150,0,4010.0,3,day0
25-10-2023 09,150,0,5030.0,61,day0
25-10-2023 09,150,0,5030.0,19,day0
25-10-2023 09,150,0,5031.0,1,day0
25-10-2023 09,150,0,,5,day0
25-10-2023 09,150,0,,1,day0
25-10-2023 09,200,0,2001.0,574,day0
25-10-2023 09,200,0,2001.0,1618,day0
25-10-2023 09,200,0,4012.0,2,day0
25-10-2023 09,200,0,5031.0,7,day0
25-10-2023 09,200,0,5031.0,6,day0
25-10-2023 09,200,0,,1,day0
25-10-2023 09,300,1,2001.0,122,day0
25-10-2023 09,300,1,2001.0,75,day0
25-10-2023 09,300,1,4012.0,1146,day0
25-10-2023 09,300,1,4012.0,1758,day0
25-10-2023 09,300,0,5004.0,2006,day0
25-10-2023 09,300,0,5004.0,1449,day0
25-10-2023 09,300,1,5031.0,11,day0
25-10-2023 09,300,1,5031.0,13,day0
25-10-2023 09,400,1,4012.0,1,day0
25-10-2023 09,400,1,4012.0,1,day0
25-10-2023 09,400,0,5004.0,1,day0
25-10-2023 10,100,0,2001.0,84848,day0
25-10-2023 10,100,1,2001.0,3,day0
25-10-2023 10,100,0,2001.0,29348,day0
25-10-2023 10,100,1,2001.0,2,day0
25-10-2023 10,100,0,4010.0,377,day0
25-10-2023 10,100,1,4010.0,2,day0
25-10-2023 10,100,0,4010.0,104,day0
25-10-2023 10,100,0,4012.0,36831,day0
25-10-2023 10,100,1,4012.0,23,day0
25-10-2023 10,100,0,4012.0,12797,day0
25-10-2023 10,100,1,4012.0,21,day0
25-10-2023 10,100,1,5030.0,1,day0
25-10-2023 10,100,1,5030.0,1,day0
25-10-2023 10,100,0,5030.0,1,day0
25-10-2023 10,100,1,5031.0,12,day0
25-10-2023 10,100,0,5031.0,974,day0
25-10-2023 10,100,1,5031.0,12,day0
25-10-2023 10,100,0,5031.0,2790,day0
25-10-2023 10,100,0,,2273,day0
25-10-2023 10,100,0,,700,day0
25-10-2023 10,100,1,,2,day0
25-10-2023 10,100,1,,2,day0
25-10-2023 10,133,0,,216,day0
25-10-2023 10,150,0,4010.0,9,day0
25-10-2023 10,150,0,4010.0,3,day0
25-10-2023 10,150,0,5030.0,19,day0
25-10-2023 10,150,0,5030.0,47,day0
25-10-2023 10,150,0,5031.0,1,day0
25-10-2023 10,150,0,5031.0,3,day0
25-10-2023 10,150,0,,1,day0
25-10-2023 10,150,0,,5,day0
25-10-2023 10,200,0,2001.0,616,day0
25-10-2023 10,200,0,2001.0,1991,day0
25-10-2023 10,200,0,4012.0,1,day0
25-10-2023 10,200,0,4012.0,1,day0
25-10-2023 10,200,0,5031.0,15,day0
25-10-2023 10,200,0,5031.0,3,day0
25-10-2023 10,300,1,2001.0,182,day0
25-10-2023 10,300,1,2001.0,91,day0
25-10-2023 10,300,1,4012.0,2062,day0
25-10-2023 10,300,1,4012.0,1454,day0
25-10-2023 10,300,0,5004.0,2650,day0
25-10-2023 10,300,0,5004.0,2088,day0
25-10-2023 10,300,1,5031.0,37,day0
25-10-2023 10,300,1,5031.0,20,day0
25-10-2023 10,400,1,2001.0,1,day0
25-10-2023 10,400,0,5004.0,23,day0
25-10-2023 10,400,0,5004.0,23,day0
25-10-2023 11,100,0,2001.0,29111,day0
25-10-2023 11,100,1,2001.0,4,day0
25-10-2023 11,100,1,2001.0,3,day0
25-10-2023 11,100,0,2001.0,83615,day0
25-10-2023 11,100,1,4010.0,1,day0
25-10-2023 11,100,0,4010.0,376,day0
25-10-2023 11,100,0,4010.0,138,day0
25-10-2023 11,100,1,4012.0,20,day0
25-10-2023 11,100,1,4012.0,22,day0
25-10-2023 11,100,0,4012.0,12371,day0
25-10-2023 11,100,0,4012.0,36351,day0
25-10-2023 11,100,0,5005.0,1,day0
25-10-2023 11,100,0,5005.0,1,day0
25-10-2023 11,100,0,5031.0,3343,day0
25-10-2023 11,100,0,5031.0,1126,day0
25-10-2023 11,100,1,5031.0,14,day0
25-10-2023 11,100,1,5031.0,4,day0
25-10-2023 11,100,0,,2256,day0
25-10-2023 11,100,1,,2,day0
25-10-2023 11,100,0,,754,day0
25-10-2023 11,133,0,,196,day0
25-10-2023 11,150,0,2001.0,1,day0
25-10-2023 11,150,0,4010.0,19,day0
25-10-2023 11,150,0,4010.0,7,day0
25-10-2023 11,150,0,5030.0,54,day0
25-10-2023 11,150,0,5030.0,15,day0
25-10-2023 11,150,0,5031.0,2,day0
25-10-2023 11,150,0,5031.0,2,day0
25-10-2023 11,150,0,,2,day0
25-10-2023 11,200,0,2001.0,1502,day0
25-10-2023 11,200,0,2001.0,543,day0
25-10-2023 11,200,0,4012.0,2,day0
25-10-2023 11,200,0,4012.0,3,day0
25-10-2023 11,200,0,5031.0,7,day0
25-10-2023 11,200,0,5031.0,2,day0
25-10-2023 11,300,1,2001.0,178,day0
25-10-2023 11,300,1,2001.0,84,day0
25-10-2023 11,300,1,4012.0,1587,day0
25-10-2023 11,300,1,4012.0,1013,day0
25-10-2023 11,300,0,5004.0,2025,day0
25-10-2023 11,300,0,5004.0,1399,day0
25-10-2023 11,300,1,5031.0,23,day0
25-10-2023 11,300,1,5031.0,13,day0
25-10-2023 12,100,1,2001.0,3,day0
25-10-2023 12,100,0,2001.0,29636,day0
25-10-2023 12,100,0,2001.0,86295,day0
25-10-2023 12,100,0,4010.0,414,day0
25-10-2023 12,100,1,4010.0,1,day0
25-10-2023 12,100,0,4010.0,120,day0
25-10-2023 12,100,0,4012.0,38421,day0
25-10-2023 12,100,1,4012.0,14,day0
25-10-2023 12,100,0,4012.0,13163,day0
25-10-2023 12,100,1,4012.0,21,day0
25-10-2023 12,100,1,5031.0,6,day0
25-10-2023 12,100,0,5031.0,1184,day0
25-10-2023 12,100,0,5031.0,3449,day0
25-10-2023 12,100,1,5031.0,6,day0
25-10-2023 12,100,0,,2543,day0
25-10-2023 12,100,0,,873,day0
25-10-2023 12,100,1,,1,day0
25-10-2023 12,100,1,,2,day0
25-10-2023 12,133,0,,185,day0
25-10-2023 12,150,0,2001.0,1,day0
25-10-2023 12,150,0,4010.0,22,day0
25-10-2023 12,150,0,4010.0,10,day0
25-10-2023 12,150,0,4012.0,1,day0
25-10-2023 12,150,0,5030.0,23,day0
25-10-2023 12,150,0,5030.0,59,day0
25-10-2023 12,150,0,5031.0,3,day0
25-10-2023 12,150,0,,6,day0
25-10-2023 12,150,0,,3,day0
25-10-2023 12,200,0,2001.0,419,day0
25-10-2023 12,200,0,2001.0,144,day0
25-10-2023 12,200,0,4012.0,4,day0
25-10-2023 12,200,0,4012.0,3,day0
25-10-2023 12,200,0,5031.0,4,day0
25-10-2023 12,300,1,2001.0,132,day0
25-10-2023 12,300,1,2001.0,68,day0
25-10-2023 12,300,1,4012.0,1991,day0
25-10-2023 12,300,1,4012.0,1402,day0
25-10-2023 12,300,0,5004.0,2157,day0
25-10-2023 12,300,0,5004.0,1601,day0
25-10-2023 12,300,1,5031.0,34,day0
25-10-2023 12,300,1,5031.0,19,day0
25-10-2023 12,400,0,5004.0,1,day0
25-10-2023 13,100,1,2001.0,1,day0
25-10-2023 13,100,0,2001.0,15420,day0
25-10-2023 13,100,0,2001.0,45266,day0
25-10-2023 13,100,1,2001.0,9,day0
25-10-2023 13,100,0,4010.0,220,day0
25-10-2023 13,100,0,4010.0,76,day0
25-10-2023 13,100,1,4012.0,14,day0
25-10-2023 13,100,1,4012.0,14,day0
25-10-2023 13,100,0,4012.0,6830,day0
25-10-2023 13,100,0,4012.0,19964,day0
25-10-2023 13,100,1,5031.0,1,day0
25-10-2023 13,100,0,5031.0,1908,day0
25-10-2023 13,100,1,5031.0,6,day0
25-10-2023 13,100,0,5031.0,614,day0
25-10-2023 13,100,0,,457,day0
25-10-2023 13,100,1,,2,day0
25-10-2023 13,100,0,,1350,day0
25-10-2023 13,133,0,,120,day0
25-10-2023 13,150,0,4010.0,11,day0
25-10-2023 13,150,0,4010.0,3,day0
25-10-2023 13,150,0,4012.0,1,day0
25-10-2023 13,150,0,5030.0,36,day0
25-10-2023 13,150,0,5030.0,16,day0
25-10-2023 13,150,0,,1,day0
25-10-2023 13,200,0,2001.0,236,day0
25-10-2023 13,200,0,2001.0,708,day0
25-10-2023 13,200,0,4012.0,4,day0
25-10-2023 13,200,0,4012.0,1,day0
25-10-2023 13,200,0,5031.0,2,day0
25-10-2023 13,200,0,5031.0,2,day0
25-10-2023 13,300,1,2001.0,44,day0
25-10-2023 13,300,1,2001.0,61,day0
25-10-2023 13,300,1,4012.0,992,day0
25-10-2023 13,300,1,4012.0,696,day0
25-10-2023 13,300,0,5004.0,1352,day0
25-10-2023 13,300,0,5004.0,969,day0
25-10-2023 13,300,1,5031.0,24,day0
25-10-2023 13,300,1,5031.0,17,day0
25-10-2023 13,400,1,2001.0,1,day0
24-10-2023 00,100,0,2001.0,6126,day1
24-10-2023 00,100,0,2001.0,17768,day1
24-10-2023 00,100,1,2001.0,3,day1
24-10-2023 00,100,1,2001.0,4,day1
24-10-2023 00,100,0,4010.0,111,day1
24-10-2023 00,100,0,4010.0,37,day1
24-10-2023 00,100,0,4012.0,2798,day1
24-10-2023 00,100,1,4012.0,24,day1
24-10-2023 00,100,0,4012.0,8243,day1
24-10-2023 00,100,1,4012.0,16,day1
24-10-2023 00,100,0,5031.0,1058,day1
24-10-2023 00,100,0,5031.0,352,day1
24-10-2023 00,100,1,5031.0,9,day1
24-10-2023 00,100,1,5031.0,5,day1
24-10-2023 00,100,0,,215,day1
24-10-2023 00,100,1,,1,day1
24-10-2023 00,100,0,,659,day1
24-10-2023 00,133,0,,44,day1
24-10-2023 00,150,0,4010.0,1,day1
24-10-2023 00,150,0,4010.0,2,day1
24-10-2023 00,150,0,5030.0,5,day1
24-10-2023 00,150,0,5030.0,21,day1
24-10-2023 00,150,0,,1,day1
24-10-2023 00,150,0,,2,day1
24-10-2023 00,200,0,2001.0,5,day1
24-10-2023 00,200,0,2001.0,23,day1
24-10-2023 00,300,1,2001.0,16,day1
24-10-2023 00,300,1,2001.0,6,day1
24-10-2023 00,300,1,4012.0,329,day1
24-10-2023 00,300,1,4012.0,335,day1
24-10-2023 00,300,0,5004.0,13,day1
24-10-2023 00,300,0,5004.0,20,day1
24-10-2023 00,300,1,5031.0,12,day1
24-10-2023 00,300,1,5031.0,19,day1
24-10-2023 01,100,0,2001.0,3778,day1
24-10-2023 01,100,1,2001.0,9,day1
24-10-2023 01,100,0,2001.0,11421,day1
24-10-2023 01,100,1,2001.0,3,day1
24-10-2023 01,100,0,4010.0,75,day1
24-10-2023 01,100,0,4010.0,34,day1
24-10-2023 01,100,0,4012.0,1873,day1
24-10-2023 01,100,0,4012.0,5427,day1
24-10-2023 01,100,1,4012.0,13,day1
24-10-2023 01,100,1,4012.0,8,day1
24-10-2023 01,100,0,5000.0,1,day1
24-10-2023 01,100,0,5000.0,6,day1
24-10-2023 01,100,0,5031.0,149,day1
24-10-2023 01,100,1,5031.0,2,day1
24-10-2023 01,100,0,5031.0,456,day1
24-10-2023 01,100,1,5031.0,2,day1
24-10-2023 01,100,0,,453,day1
24-10-2023 01,100,1,,1,day1
24-10-2023 01,100,0,,148,day1
24-10-2023 01,100,1,,1,day1
24-10-2023 01,133,0,,39,day1
24-10-2023 01,150,0,4010.0,3,day1
24-10-2023 01,150,0,4010.0,2,day1
24-10-2023 01,150,0,5030.0,3,day1
24-10-2023 01,150,0,5030.0,7,day1
24-10-2023 01,150,0,,1,day1
24-10-2023 01,200,0,2001.0,20,day1
24-10-2023 01,200,0,2001.0,11,day1
24-10-2023 01,200,0,5031.0,1,day1
24-10-2023 01,300,1,2001.0,20,day1
24-10-2023 01,300,1,2001.0,6,day1
24-10-2023 01,300,1,4012.0,68,day1
24-10-2023 01,300,1,4012.0,68,day1
24-10-2023 01,300,0,5004.0,46,day1
24-10-2023 01,300,0,5004.0,32,day1
24-10-2023 02,100,0,2001.0,8141,day1
24-10-2023 02,100,1,2001.0,2,day1
24-10-2023 02,100,0,2001.0,2664,day1
24-10-2023 02,100,0,4010.0,18,day1
24-10-2023 02,100,0,4010.0,69,day1
24-10-2023 02,100,0,4012.0,1267,day1
24-10-2023 02,100,1,4012.0,2,day1
24-10-2023 02,100,1,4012.0,5,day1
24-10-2023 02,100,0,4012.0,3598,day1
24-10-2023 02,100,0,5031.0,286,day1
24-10-2023 02,100,1,5031.0,3,day1
24-10-2023 02,100,0,5031.0,103,day1
24-10-2023 02,100,1,5031.0,4,day1
24-10-2023 02,100,0,,112,day1
24-10-2023 02,100,0,,326,day1
24-10-2023 02,133,0,,12,day1
24-10-2023 02,150,0,4010.0,1,day1
24-10-2023 02,150,0,4010.0,1,day1
24-10-2023 02,150,0,5030.0,1,day1
24-10-2023 02,150,0,5030.0,6,day1
24-10-2023 02,200,0,2001.0,6,day1
24-10-2023 02,200,0,2001.0,21,day1
24-10-2023 02,300,1,2001.0,9,day1
24-10-2023 02,300,1,2001.0,16,day1
24-10-2023 02,300,1,4012.0,58,day1
24-10-2023 02,300,1,4012.0,54,day1
24-10-2023 02,300,0,5004.0,83,day1
24-10-2023 02,300,0,5004.0,54,day1
24-10-2023 03,100,0,2001.0,2405,day1
24-10-2023 03,100,0,2001.0,7237,day1
24-10-2023 03,100,0,4010.0,22,day1
24-10-2023 03,100,0,4010.0,78,day1
24-10-2023 03,100,0,4012.0,1163,day1
24-10-2023 03,100,1,4012.0,9,day1
24-10-2023 03,100,1,4012.0,7,day1
24-10-2023 03,100,0,4012.0,3382,day1
24-10-2023 03,100,1,5031.0,4,day1
24-10-2023 03,100,0,5031.0,251,day1
24-10-2023 03,100,0,5031.0,93,day1
24-10-2023 03,100,0,,78,day1
24-10-2023 03,100,1,,1,day1
24-10-2023 03,100,0,,264,day1
24-10-2023 03,133,0,,11,day1
24-10-2023 03,150,0,4010.0,2,day1
24-10-2023 03,150,0,5030.0,1,day1
24-10-2023 03,150,0,5030.0,7,day1
24-10-2023 03,200,0,2001.0,7,day1
24-10-2023 03,200,0,2001.0,20,day1
24-10-2023 03,300,1,2001.0,19,day1
24-10-2023 03,300,1,2001.0,3,day1
24-10-2023 03,300,1,4012.0,22,day1
24-10-2023 03,300,1,4012.0,26,day1
24-10-2023 03,300,0,5004.0,24,day1
24-10-2023 03,300,0,5004.0,32,day1
24-10-2023 03,300,1,5031.0,14,day1
24-10-2023 03,300,1,5031.0,17,day1
24-10-2023 04,100,0,2001.0,12432,day1
24-10-2023 04,100,1,2001.0,1,day1
24-10-2023 04,100,0,2001.0,4014,day1
24-10-2023 04,100,0,4010.0,28,day1
24-10-2023 04,100,1,4010.0,1,day1
24-10-2023 04,100,0,4010.0,106,day1
24-10-2023 04,100,1,4012.0,10,day1
24-10-2023 04,100,0,4012.0,4996,day1
24-10-2023 04,100,0,4012.0,1661,day1
24-10-2023 04,100,1,4012.0,17,day1
24-10-2023 04,100,1,5031.0,2,day1
24-10-2023 04,100,0,5031.0,282,day1
24-10-2023 04,100,1,5031.0,3,day1
24-10-2023 04,100,0,5031.0,101,day1
24-10-2023 04,100,0,,363,day1
24-10-2023 04,100,0,,109,day1
24-10-2023 04,100,1,,2,day1
24-10-2023 04,133,0,,10,day1
24-10-2023 04,150,0,4010.0,1,day1
24-10-2023 04,150,0,5030.0,9,day1
24-10-2023 04,150,0,5030.0,4,day1
24-10-2023 04,200,0,2001.0,32,day1
24-10-2023 04,200,0,2001.0,13,day1
24-10-2023 04,300,1,2001.0,22,day1
24-10-2023 04,300,1,2001.0,5,day1
24-10-2023 04,300,1,4012.0,63,day1
24-10-2023 04,300,1,4012.0,81,day1
24-10-2023 04,300,0,5004.0,8,day1
24-10-2023 04,300,0,5004.0,4,day1
24-10-2023 05,100,0,2001.0,8937,day1
24-10-2023 05,100,1,2001.0,1,day1
24-10-2023 05,100,0,2001.0,26754,day1
24-10-2023 05,100,1,2001.0,1,day1
24-10-2023 05,100,1,4010.0,1,day1
24-10-2023 05,100,1,4010.0,1,day1
24-10-2023 05,100,0,4010.0,66,day1
24-10-2023 05,100,0,4010.0,181,day1
24-10-2023 05,100,1,4012.0,14,day1
24-10-2023 05,100,1,4012.0,13,day1
24-10-2023 05,100,0,4012.0,3685,day1
24-10-2023 05,100,0,4012.0,11236,day1
24-10-2023 05,100,0,5031.0,147,day1
24-10-2023 05,100,1,5031.0,1,day1
24-10-2023 05,100,0,5031.0,467,day1
24-10-2023 05,100,0,,288,day1
24-10-2023 05,100,1,,1,day1
24-10-2023 05,100,0,,829,day1
24-10-2023 05,133,0,,46,day1
24-10-2023 05,150,0,4010.0,1,day1
24-10-2023 05,150,0,4010.0,5,day1
24-10-2023 05,150,0,5030.0,3,day1
24-10-2023 05,150,0,5030.0,11,day1
24-10-2023 05,150,0,,1,day1
24-10-2023 05,150,0,,4,day1
24-10-2023 05,200,0,2001.0,19,day1
24-10-2023 05,200,0,2001.0,68,day1
24-10-2023 05,300,1,2001.0,15,day1
24-10-2023 05,300,1,2001.0,4,day1
24-10-2023 05,300,1,4012.0,92,day1
24-10-2023 05,300,1,4012.0,91,day1
24-10-2023 05,300,0,5004.0,30,day1
24-10-2023 05,300,0,5004.0,36,day1
24-10-2023 06,100,0,2001.0,13991,day1
24-10-2023 06,100,1,2001.0,2,day1
24-10-2023 06,100,0,2001.0,41436,day1
24-10-2023 06,100,1,2001.0,2,day1
24-10-2023 06,100,0,4010.0,93,day1
24-10-2023 06,100,0,4010.0,271,day1
24-10-2023 06,100,1,4012.0,31,day1
24-10-2023 06,100,0,4012.0,18965,day1
24-10-2023 06,100,1,4012.0,26,day1
24-10-2023 06,100,0,4012.0,6268,day1
24-10-2023 06,100,0,5000.0,7,day1
24-10-2023 06,100,0,5031.0,259,day1
24-10-2023 06,100,1,5031.0,9,day1
24-10-2023 06,100,0,5031.0,746,day1
24-10-2023 06,100,1,5031.0,5,day1
24-10-2023 06,100,0,,505,day1
24-10-2023 06,100,0,,1521,day1
24-10-2023 06,100,1,,3,day1
24-10-2023 06,100,1,,3,day1
24-10-2023 06,133,0,,119,day1
24-10-2023 06,150,0,4010.0,1,day1
24-10-2023 06,150,0,4010.0,5,day1
24-10-2023 06,150,0,5030.0,17,day1
24-10-2023 06,150,0,5030.0,8,day1
24-10-2023 06,150,0,5031.0,1,day1
24-10-2023 06,150,1,,1,day1
24-10-2023 06,150,0,,1,day1
24-10-2023 06,200,0,2001.0,84,day1
24-10-2023 06,200,0,2001.0,28,day1
24-10-2023 06,300,1,2001.0,12,day1
24-10-2023 06,300,1,2001.0,24,day1
24-10-2023 06,300,1,4012.0,83,day1
24-10-2023 06,300,1,4012.0,70,day1
24-10-2023 06,300,0,5004.0,24,day1
24-10-2023 06,300,0,5004.0,41,day1
24-10-2023 07,100,0,2001.0,52750,day1
24-10-2023 07,100,0,2001.0,17969,day1
24-10-2023 07,100,1,2001.0,1,day1
24-10-2023 07,100,0,4010.0,82,day1
24-10-2023 07,100,0,4010.0,270,day1
24-10-2023 07,100,1,4012.0,12,day1
24-10-2023 07,100,0,4012.0,8293,day1
24-10-2023 07,100,1,4012.0,5,day1
24-10-2023 07,100,0,4012.0,24374,day1
24-10-2023 07,100,0,5000.0,8,day1
24-10-2023 07,100,0,5000.0,2,day1
24-10-2023 07,100,0,5005.0,1,day1
24-10-2023 07,100,0,5031.0,365,day1
24-10-2023 07,100,1,5031.0,2,day1
24-10-2023 07,100,1,5031.0,3,day1
24-10-2023 07,100,0,5031.0,1144,day1
24-10-2023 07,100,0,,557,day1
24-10-2023 07,100,1,,2,day1
24-10-2023 07,100,1,,2,day1
24-10-2023 07,100,0,,1694,day1
24-10-2023 07,133,0,,163,day1
24-10-2023 07,150,0,4010.0,4,day1
24-10-2023 07,150,0,4010.0,4,day1
24-10-2023 07,150,0,5030.0,21,day1
24-10-2023 07,150,0,5030.0,43,day1
24-10-2023 07,150,0,,2,day1
24-10-2023 07,150,0,,2,day1
24-10-2023 07,200,0,2001.0,53,day1
24-10-2023 07,200,0,2001.0,170,day1
24-10-2023 07,200,0,4010.0,1,day1
24-10-2023 07,200,0,4012.0,1,day1
24-10-2023 07,200,0,5031.0,2,day1
24-10-2023 07,200,0,5031.0,1,day1
24-10-2023 07,300,1,2001.0,15,day1
24-10-2023 07,300,1,2001.0,32,day1
24-10-2023 07,300,1,4012.0,193,day1
24-10-2023 07,300,1,4012.0,271,day1
24-10-2023 07,300,0,5004.0,356,day1
24-10-2023 07,300,0,5004.0,285,day1
24-10-2023 07,300,1,5031.0,5,day1
24-10-2023 07,300,1,5031.0,9,day1
24-10-2023 08,100,0,2001.0,69347,day1
24-10-2023 08,100,0,2001.0,23489,day1
24-10-2023 08,100,0,4010.0,344,day1
24-10-2023 08,100,0,4010.0,132,day1
24-10-2023 08,100,1,4012.0,24,day1
24-10-2023 08,100,1,4012.0,25,day1
24-10-2023 08,100,0,4012.0,10467,day1
24-10-2023 08,100,0,4012.0,30936,day1
24-10-2023 08,100,0,5000.0,1,day1
24-10-2023 08,100,0,5000.0,6,day1
24-10-2023 08,100,0,5005.0,1,day1
24-10-2023 08,100,1,5031.0,4,day1
24-10-2023 08,100,0,5031.0,505,day1
24-10-2023 08,100,0,5031.0,1524,day1
24-10-2023 08,100,0,,591,day1
24-10-2023 08,100,1,,3,day1
24-10-2023 08,100,0,,1906,day1
24-10-2023 08,133,0,,222,day1
24-10-2023 08,150,0,4010.0,7,day1
24-10-2023 08,150,0,4010.0,2,day1
24-10-2023 08,150,0,5030.0,15,day1
24-10-2023 08,150,0,5030.0,37,day1
24-10-2023 08,150,0,,2,day1
24-10-2023 08,150,0,,2,day1
24-10-2023 08,200,0,2001.0,351,day1
24-10-2023 08,200,0,2001.0,969,day1
24-10-2023 08,200,0,4012.0,9,day1
24-10-2023 08,200,0,4012.0,2,day1
24-10-2023 08,200,0,5031.0,1,day1
24-10-2023 08,200,0,5031.0,1,day1
24-10-2023 08,200,0,,1,day1
24-10-2023 08,300,1,2001.0,196,day1
24-10-2023 08,300,1,2001.0,101,day1
24-10-2023 08,300,1,4012.0,930,day1
24-10-2023 08,300,1,4012.0,1399,day1
24-10-2023 08,300,0,5004.0,1398,day1
24-10-2023 08,300,0,5004.0,1780,day1
24-10-2023 08,300,1,5031.0,6,day1
24-10-2023 08,300,1,5031.0,5,day1
24-10-2023 08,400,1,4012.0,1,day1
24-10-2023 08,400,0,5004.0,1,day1
24-10-2023 08,400,0,5004.0,1,day1
24-10-2023 09,100,0,2001.0,78036,day1
24-10-2023 09,100,1,2001.0,2,day1
24-10-2023 09,100,0,2001.0,26824,day1
24-10-2023 09,100,0,4010.0,157,day1
24-10-2023 09,100,0,4010.0,470,day1
24-10-2023 09,100,1,4012.0,20,day1
24-10-2023 09,100,0,4012.0,35439,day1
24-10-2023 09,100,0,4012.0,12207,day1
24-10-2023 09,100,1,4012.0,22,day1
24-10-2023 09,100,0,5000.0,2,day1
24-10-2023 09,100,1,5031.0,9,day1
24-10-2023 09,100,0,5031.0,697,day1
24-10-2023 09,100,1,5031.0,8,day1
24-10-2023 09,100,0,5031.0,2001,day1
24-10-2023 09,100,0,,694,day1
24-10-2023 09,100,0,,2073,day1
24-10-2023 09,133,0,,211,day1
24-10-2023 09,150,0,4010.0,3,day1
24-10-2023 09,150,0,4010.0,14,day1
24-10-2023 09,150,0,5030.0,46,day1
24-10-2023 09,150,0,5030.0,20,day1
24-10-2023 09,150,0,5031.0,3,day1
24-10-2023 09,150,0,,5,day1
24-10-2023 09,150,0,,6,day1
24-10-2023 09,200,0,2001.0,1850,day1
24-10-2023 09,200,0,2001.0,626,day1
24-10-2023 09,200,0,4010.0,1,day1
24-10-2023 09,200,0,4010.0,2,day1
24-10-2023 09,200,0,4012.0,44,day1
24-10-2023 09,200,0,4012.0,17,day1
24-10-2023 09,200,0,5031.0,10,day1
24-10-2023 09,200,0,5031.0,3,day1
24-10-2023 09,300,1,2001.0,164,day1
24-10-2023 09,300,1,2001.0,107,day1
24-10-2023 09,300,1,4012.0,1190,day1
24-10-2023 09,300,1,4012.0,1839,day1
24-10-2023 09,300,0,5004.0,1574,day1
24-10-2023 09,300,0,5004.0,1139,day1
24-10-2023 09,300,1,5031.0,27,day1
24-10-2023 09,300,1,5031.0,12,day1
24-10-2023 09,400,1,2001.0,2,day1
24-10-2023 09,400,1,4012.0,1,day1
24-10-2023 09,400,1,4012.0,1,day1
24-10-2023 09,400,0,5004.0,2,day1
24-10-2023 10,100,1,2001.0,5,day1
24-10-2023 10,100,0,2001.0,83442,day1
24-10-2023 10,100,1,2001.0,6,day1
24-10-2023 10,100,0,2001.0,28633,day1
24-10-2023 10,100,0,4010.0,152,day1
24-10-2023 10,100,0,4010.0,432,day1
24-10-2023 10,100,1,4010.0,1,day1
24-10-2023 10,100,0,4012.0,36566,day1
24-10-2023 10,100,0,4012.0,12509,day1
24-10-2023 10,100,1,4012.0,25,day1
24-10-2023 10,100,1,4012.0,36,day1
24-10-2023 10,100,1,5031.0,3,day1
24-10-2023 10,100,0,5031.0,2273,day1
24-10-2023 10,100,1,5031.0,2,day1
24-10-2023 10,100,0,5031.0,766,day1
24-10-2023 10,100,0,,2166,day1
24-10-2023 10,100,1,,3,day1
24-10-2023 10,100,0,,737,day1
24-10-2023 10,133,0,,194,day1
24-10-2023 10,150,0,4010.0,2,day1
24-10-2023 10,150,0,4010.0,7,day1
24-10-2023 10,150,0,5030.0,61,day1
24-10-2023 10,150,0,5030.0,14,day1
24-10-2023 10,150,0,5031.0,1,day1
24-10-2023 10,150,0,,6,day1
24-10-2023 10,150,0,,2,day1
24-10-2023 10,200,0,2001.0,660,day1
24-10-2023 10,200,0,2001.0,2022,day1
24-10-2023 10,200,0,4012.0,3,day1
24-10-2023 10,200,0,5031.0,3,day1
24-10-2023 10,200,0,5031.0,15,day1
24-10-2023 10,200,0,,1,day1
24-10-2023 10,200,0,,1,day1
24-10-2023 10,300,1,2001.0,341,day1
24-10-2023 10,300,1,2001.0,152,day1
24-10-2023 10,300,1,4012.0,1815,day1
24-10-2023 10,300,1,4012.0,1367,day1
24-10-2023 10,300,1,5000.0,1,day1
24-10-2023 10,300,0,5004.0,1613,day1
24-10-2023 10,300,0,5004.0,2279,day1
24-10-2023 10,300,1,5031.0,12,day1
24-10-2023 10,300,1,5031.0,18,day1
24-10-2023 10,400,1,2001.0,1,day1
24-10-2023 10,400,0,5004.0,2,day1
24-10-2023 10,400,0,5004.0,1,day1
24-10-2023 11,100,0,2001.0,81529,day1
24-10-2023 11,100,1,2001.0,3,day1
24-10-2023 11,100,0,2001.0,28130,day1
24-10-2023 11,100,1,2001.0,2,day1
24-10-2023 11,100,0,4010.0,478,day1
24-10-2023 11,100,0,4010.0,141,day1
24-10-2023 11,100,1,4010.0,1,day1
24-10-2023 11,100,1,4012.0,20,day1
24-10-2023 11,100,1,4012.0,29,day1
24-10-2023 11,100,0,4012.0,12368,day1
24-10-2023 11,100,0,4012.0,36049,day1
24-10-2023 11,100,0,5000.0,1,day1
24-10-2023 11,100,0,5005.0,2,day1
24-10-2023 11,100,0,5031.0,683,day1
24-10-2023 11,100,1,5031.0,12,day1
24-10-2023 11,100,1,5031.0,7,day1
24-10-2023 11,100,0,5031.0,2103,day1
24-10-2023 11,100,0,,741,day1
24-10-2023 11,100,1,,2,day1
24-10-2023 11,100,0,,2127,day1
24-10-2023 11,133,0,,160,day1
24-10-2023 11,150,0,4010.0,8,day1
24-10-2023 11,150,0,4010.0,4,day1
24-10-2023 11,150,0,4012.0,1,day1
24-10-2023 11,150,0,5030.0,12,day1
24-10-2023 11,150,0,5030.0,41,day1
24-10-2023 11,150,0,5031.0,2,day1
24-10-2023 11,150,0,5031.0,1,day1
24-10-2023 11,150,0,,2,day1
24-10-2023 11,150,0,,3,day1
24-10-2023 11,200,0,2001.0,1795,day1
24-10-2023 11,200,0,2001.0,606,day1
24-10-2023 11,200,0,4012.0,2,day1
24-10-2023 11,200,0,5031.0,8,day1
24-10-2023 11,200,0,5031.0,5,day1
24-10-2023 11,200,0,,3,day1
24-10-2023 11,200,0,,2,day1
24-10-2023 11,300,1,2001.0,88,day1
24-10-2023 11,300,1,2001.0,150,day1
24-10-2023 11,300,1,4012.0,1572,day1
24-10-2023 11,300,1,4012.0,975,day1
24-10-2023 11,300,0,5004.0,1722,day1
24-10-2023 11,300,0,5004.0,1143,day1
24-10-2023 11,300,1,5031.0,20,day1
24-10-2023 11,300,1,5031.0,10,day1
24-10-2023 11,400,1,2001.0,3,day1
24-10-2023 11,400,1,2001.0,1,day1
24-10-2023 11,400,0,5004.0,1,day1
24-10-2023 11,400,0,5004.0,4,day1
24-10-2023 12,100,1,2001.0,1,day1
24-10-2023 12,100,1,2001.0,2,day1
24-10-2023 12,100,0,2001.0,82403,day1
24-10-2023 12,100,0,2001.0,28473,day1
24-10-2023 12,100,0,4010.0,134,day1
24-10-2023 12,100,0,4010.0,451,day1
24-10-2023 12,100,0,4012.0,13037,day1
24-10-2023 12,100,1,4012.0,34,day1
24-10-2023 12,100,1,4012.0,27,day1
24-10-2023 12,100,0,4012.0,38171,day1
24-10-2023 12,100,0,5000.0,2,day1
24-10-2023 12,100,0,5030.0,1,day1
24-10-2023 12,100,1,5031.0,4,day1
24-10-2023 12,100,0,5031.0,2124,day1
24-10-2023 12,100,0,5031.0,759,day1
24-10-2023 12,100,1,,1,day1
24-10-2023 12,100,1,,1,day1
24-10-2023 12,100,0,,796,day1
24-10-2023 12,100,0,,2537,day1
24-10-2023 12,133,0,,196,day1
24-10-2023 12,150,0,2001.0,1,day1
24-10-2023 12,150,0,4010.0,1,day1
24-10-2023 12,150,0,4010.0,7,day1
24-10-2023 12,150,0,5030.0,15,day1
24-10-2023 12,150,0,5030.0,52,day1
24-10-2023 12,150,0,5031.0,1,day1
24-10-2023 12,150,0,5031.0,1,day1
24-10-2023 12,150,0,,7,day1
24-10-2023 12,150,0,,2,day1
24-10-2023 12,200,0,2001.0,447,day1
24-10-2023 12,200,0,2001.0,140,day1
24-10-2023 12,200,0,4012.0,1,day1
24-10-2023 12,200,0,5031.0,1,day1
24-10-2023 12,200,0,5031.0,7,day1
24-10-2023 12,300,1,2001.0,68,day1
24-10-2023 12,300,1,2001.0,162,day1
24-10-2023 12,300,1,4012.0,1229,day1
24-10-2023 12,300,1,4012.0,1670,day1
24-10-2023 12,300,0,5004.0,2207,day1
24-10-2023 12,300,0,5004.0,1884,day1
24-10-2023 12,300,1,5031.0,16,day1
24-10-2023 12,300,1,5031.0,26,day1
24-10-2023 12,400,1,2001.0,3,day1
24-10-2023 12,400,1,2001.0,1,day1
24-10-2023 12,400,0,5004.0,3,day1
24-10-2023 13,100,0,2001.0,15526,day1
24-10-2023 13,100,1,2001.0,1,day1
24-10-2023 13,100,0,2001.0,44212,day1
24-10-2023 13,100,1,2001.0,3,day1
24-10-2023 13,100,0,4010.0,247,day1
24-10-2023 13,100,0,4010.0,93,day1
24-10-2023 13,100,0,4012.0,7121,day1
24-10-2023 13,100,1,4012.0,22,day1
24-10-2023 13,100,0,4012.0,20255,day1
24-10-2023 13,100,1,4012.0,16,day1
24-10-2023 13,100,0,5000.0,1,day1
24-10-2023 13,100,0,5030.0,1,day1
24-10-2023 13,100,1,5031.0,3,day1
24-10-2023 13,100,1,5031.0,4,day1
24-10-2023 13,100,0,5031.0,468,day1
24-10-2023 13,100,0,5031.0,1292,day1
24-10-2023 13,100,0,,1271,day1
24-10-2023 13,100,0,,423,day1
24-10-2023 13,100,1,,1,day1
24-10-2023 13,133,0,,109,day1
24-10-2023 13,150,0,4010.0,2,day1
24-10-2023 13,150,0,4012.0,1,day1
24-10-2023 13,150,1,5030.0,1,day1
24-10-2023 13,150,0,5030.0,6,day1
24-10-2023 13,150,0,5030.0,24,day1
24-10-2023 13,150,0,,1,day1
24-10-2023 13,150,0,,1,day1
24-10-2023 13,200,0,2001.0,775,day1
24-10-2023 13,200,0,2001.0,213,day1
24-10-2023 13,200,0,5031.0,2,day1
24-10-2023 13,200,0,5031.0,2,day1
24-10-2023 13,300,1,2001.0,105,day1
24-10-2023 13,300,1,2001.0,48,day1
24-10-2023 13,300,1,4012.0,623,day1
24-10-2023 13,300,1,4012.0,885,day1
24-10-2023 13,300,0,5004.0,924,day1
24-10-2023 13,300,0,5004.0,760,day1
24-10-2023 13,300,1,5031.0,11,day1
24-10-2023 13,300,1,5031.0,5,day1
24-10-2023 13,400,0,5004.0,1,day1
25-10-2023 00,100,0,2001.0,25,day1
25-10-2023 00,100,0,2001.0,85,day1
25-10-2023 00,100,0,4010.0,2,day1
25-10-2023 00,100,0,4012.0,22,day1
25-10-2023 00,100,0,4012.0,70,day1
25-10-2023 00,100,0,5031.0,23,day1
25-10-2023 00,100,0,5031.0,18,day1
25-10-2023 00,100,0,,2,day1
25-10-2023 00,100,0,,3,day1
25-10-2023 00,300,0,5004.0,1,day1
18-10-2023 00,100,1,2001.0,1,day7
18-10-2023 00,100,0,2001.0,18199,day7
18-10-2023 00,100,1,2001.0,1,day7
18-10-2023 00,100,0,2001.0,6128,day7
18-10-2023 00,100,0,4010.0,19,day7
18-10-2023 00,100,0,4010.0,61,day7
18-10-2023 00,100,0,4012.0,3024,day7
18-10-2023 00,100,1,4012.0,17,day7
18-10-2023 00,100,0,4012.0,8913,day7
18-10-2023 00,100,1,4012.0,24,day7
18-10-2023 00,100,0,5031.0,559,day7
18-10-2023 00,100,1,5031.0,6,day7
18-10-2023 00,100,0,5031.0,162,day7
18-10-2023 00,100,1,5031.0,9,day7
18-10-2023 00,100,1,,1,day7
18-10-2023 00,100,1,,1,day7
18-10-2023 00,100,0,,198,day7
18-10-2023 00,100,0,,599,day7
18-10-2023 00,133,0,,31,day7
18-10-2023 00,150,0,4010.0,6,day7
18-10-2023 00,150,0,5030.0,21,day7
18-10-2023 00,150,0,5030.0,7,day7
18-10-2023 00,150,1,5030.0,1,day7
18-10-2023 00,150,0,5031.0,1,day7
18-10-2023 00,150,0,,1,day7
18-10-2023 00,150,0,,2,day7
18-10-2023 00,200,0,2001.0,19,day7
18-10-2023 00,200,0,2001.0,8,day7
18-10-2023 00,200,0,4012.0,1,day7
18-10-2023 00,200,0,5031.0,1,day7
18-10-2023 00,300,1,2001.0,7,day7
18-10-2023 00,300,1,2001.0,2,day7
18-10-2023 00,300,1,4012.0,153,day7
18-10-2023 00,300,1,4012.0,156,day7
18-10-2023 00,300,0,5004.0,64,day7
18-10-2023 00,300,0,5004.0,50,day7
18-10-2023 01,100,1,2001.0,3,day7
18-10-2023 01,100,0,2001.0,11694,day7
18-10-2023 01,100,1,2001.0,2,day7
18-10-2023 01,100,0,2001.0,3908,day7
18-10-2023 01,100,0,4010.0,57,day7
18-10-2023 01,100,0,4010.0,14,day7
18-10-2023 01,100,1,4012.0,10,day7
18-10-2023 01,100,0,4012.0,5734,day7
18-10-2023 01,100,0,4012.0,2076,day7
18-10-2023 01,100,1,4012.0,15,day7
18-10-2023 01,100,0,5000.0,7,day7
18-10-2023 01,100,0,5000.0,45,day7
18-10-2023 01,100,1,5031.0,1,day7
18-10-2023 01,100,0,5031.0,280,day7
18-10-2023 01,100,0,5031.0,97,day7
18-10-2023 01,100,1,5031.0,2,day7
18-10-2023 01,100,0,,438,day7
18-10-2023 01,100,1,,1,day7
18-10-2023 01,100,0,,140,day7
18-10-2023 01,133,0,,23,day7
18-10-2023 01,150,0,4010.0,1,day7
18-10-2023 01,150,0,5030.0,7,day7
18-10-2023 01,150,0,5030.0,8,day7
18-10-2023 01,150,0,5031.0,1,day7
18-10-2023 01,200,0,2001.0,16,day7
18-10-2023 01,200,0,2001.0,6,day7
18-10-2023 01,300,1,2001.0,4,day7
18-10-2023 01,300,1,2001.0,10,day7
18-10-2023 01,300,1,4012.0,287,day7
18-10-2023 01,300,1,4012.0,322,day7
18-10-2023 01,300,0,5004.0,122,day7
18-10-2023 01,300,0,5004.0,124,day7
18-10-2023 02,100,0,2001.0,8163,day7
18-10-2023 02,100,0,2001.0,2745,day7
18-10-2023 02,100,1,2001.0,1,day7
18-10-2023 02,100,0,4010.0,34,day7
18-10-2023 02,100,0,4010.0,14,day7
18-10-2023 02,100,1,4012.0,9,day7
18-10-2023 02,100,0,4012.0,4311,day7
18-10-2023 02,100,1,4012.0,12,day7
18-10-2023 02,100,0,4012.0,1429,day7
18-10-2023 02,100,0,5031.0,69,day7
18-10-2023 02,100,0,5031.0,227,day7
18-10-2023 02,100,0,,114,day7
18-10-2023 02,100,0,,314,day7
18-10-2023 02,133,0,,21,day7
18-10-2023 02,150,0,5030.0,14,day7
18-10-2023 02,150,0,5030.0,2,day7
18-10-2023 02,150,0,,1,day7
18-10-2023 02,200,0,2001.0,12,day7
18-10-2023 02,200,0,2001.0,8,day7
18-10-2023 02,300,1,2001.0,2,day7
18-10-2023 02,300,1,2001.0,1,day7
18-10-2023 02,300,1,4012.0,59,day7
18-10-2023 02,300,1,4012.0,47,day7
18-10-2023 02,300,0,5004.0,21,day7
18-10-2023 02,300,0,5004.0,23,day7
18-10-2023 03,100,1,2001.0,1,day7
18-10-2023 03,100,0,2001.0,2374,day7
18-10-2023 03,100,0,2001.0,7177,day7
18-10-2023 03,100,0,4010.0,47,day7
18-10-2023 03,100,0,4010.0,18,day7
18-10-2023 03,100,0,4012.0,1207,day7
18-10-2023 03,100,1,4012.0,2,day7
18-10-2023 03,100,0,4012.0,3661,day7
18-10-2023 03,100,1,4012.0,3,day7
18-10-2023 03,100,0,5031.0,170,day7
18-10-2023 03,100,0,5031.0,68,day7
18-10-2023 03,100,1,5031.0,1,day7
18-10-2023 03,100,1,5031.0,1,day7
18-10-2023 03,100,0,,250,day7
18-10-2023 03,100,1,,1,day7
18-10-2023 03,100,0,,85,day7
18-10-2023 03,133,0,,8,day7
18-10-2023 03,150,0,4010.0,3,day7
18-10-2023 03,150,0,4012.0,1,day7
18-10-2023 03,150,0,5030.0,7,day7
18-10-2023 03,150,0,5030.0,2,day7
18-10-2023 03,150,0,,2,day7
18-10-2023 03,200,0,2001.0,9,day7
18-10-2023 03,200,0,2001.0,2,day7
18-10-2023 03,300,1,2001.0,4,day7
18-10-2023 03,300,1,4012.0,22,day7
18-10-2023 03,300,1,4012.0,30,day7
18-10-2023 03,300,0,5004.0,39,day7
18-10-2023 03,300,0,5004.0,29,day7
18-10-2023 04,100,0,2001.0,12227,day7
18-10-2023 04,100,0,2001.0,4127,day7
18-10-2023 04,100,1,2001.0,2,day7
18-10-2023 04,100,0,4010.0,66,day7
18-10-2023 04,100,0,4010.0,23,day7
18-10-2023 04,100,0,4012.0,5416,day7
18-10-2023 04,100,1,4012.0,2,day7
18-10-2023 04,100,0,4012.0,1834,day7
18-10-2023 04,100,1,4012.0,5,day7
18-10-2023 04,100,0,5031.0,73,day7
18-10-2023 04,100,0,5031.0,214,day7
18-10-2023 04,100,0,,385,day7
18-10-2023 04,100,0,,108,day7
18-10-2023 04,100,1,,1,day7
18-10-2023 04,133,0,,8,day7
18-10-2023 04,150,0,4010.0,1,day7
18-10-2023 04,150,0,4010.0,3,day7
18-10-2023 04,150,0,5030.0,2,day7
18-10-2023 04,150,0,5030.0,2,day7
18-10-2023 04,150,0,,1,day7
18-10-2023 04,200,0,2001.0,18,day7
18-10-2023 04,200,0,2001.0,37,day7
18-10-2023 04,200,0,,1,day7
18-10-2023 04,300,1,2001.0,2,day7
18-10-2023 04,300,1,4012.0,26,day7
18-10-2023 04,300,1,4012.0,49,day7
18-10-2023 04,300,0,5004.0,8,day7
18-10-2023 04,300,0,5004.0,2,day7
18-10-2023 05,100,1,2001.0,1,day7
18-10-2023 05,100,0,2001.0,8969,day7
18-10-2023 05,100,0,2001.0,26800,day7
18-10-2023 05,100,1,2001.0,1,day7
18-10-2023 05,100,0,4010.0,27,day7
18-10-2023 05,100,0,4010.0,111,day7
18-10-2023 05,100,1,4012.0,9,day7
18-10-2023 05,100,0,4012.0,11144,day7
18-10-2023 05,100,0,4012.0,3697,day7
18-10-2023 05,100,1,4012.0,7,day7
18-10-2023 05,100,0,5031.0,514,day7
18-10-2023 05,100,0,5031.0,204,day7
18-10-2023 05,100,1,5031.0,1,day7
18-10-2023 05,100,1,5031.0,2,day7
18-10-2023 05,100,0,,798,day7
18-10-2023 05,100,1,,3,day7
18-10-2023 05,100,1,,1,day7
18-10-2023 05,100,0,,278,day7
18-10-2023 05,133,0,,34,day7
18-10-2023 05,150,0,4010.0,2,day7
18-10-2023 05,150,0,5030.0,9,day7
18-10-2023 05,150,0,5030.0,32,day7
18-10-2023 05,150,0,,1,day7
18-10-2023 05,150,1,,1,day7
18-10-2023 05,200,0,2001.0,47,day7
18-10-2023 05,200,0,2001.0,21,day7
18-10-2023 05,200,0,5031.0,1,day7
18-10-2023 05,300,1,2001.0,7,day7
18-10-2023 05,300,1,2001.0,1,day7
18-10-2023 05,300,1,4012.0,48,day7
18-10-2023 05,300,1,4012.0,33,day7
18-10-2023 05,300,0,5004.0,24,day7
18-10-2023 05,300,0,5004.0,27,day7
18-10-2023 05,300,1,5031.0,1,day7
18-10-2023 06,100,0,2001.0,42215,day7
18-10-2023 06,100,0,2001.0,14184,day7
18-10-2023 06,100,0,4010.0,59,day7
18-10-2023 06,100,0,4010.0,187,day7
18-10-2023 06,100,1,4012.0,8,day7
18-10-2023 06,100,0,4012.0,19494,day7
18-10-2023 06,100,1,4012.0,9,day7
18-10-2023 06,100,0,4012.0,6436,day7
18-10-2023 06,100,1,5031.0,2,day7
18-10-2023 06,100,0,5031.0,718,day7
18-10-2023 06,100,0,5031.0,248,day7
18-10-2023 06,100,1,5031.0,5,day7
18-10-2023 06,100,0,,479,day7
18-10-2023 06,100,1,,2,day7
18-10-2023 06,100,0,,1386,day7
18-10-2023 06,100,1,,4,day7
18-10-2023 06,133,0,,90,day7
18-10-2023 06,150,0,4010.0,3,day7
18-10-2023 06,150,0,4010.0,2,day7
18-10-2023 06,150,0,4012.0,1,day7
18-10-2023 06,150,0,5030.0,6,day7
18-10-2023 06,150,0,5030.0,23,day7
18-10-2023 06,150,1,5030.0,1,day7
18-10-2023 06,150,0,,5,day7
18-10-2023 06,200,0,2001.0,89,day7
18-10-2023 06,200,0,2001.0,28,day7
18-10-2023 06,300,1,2001.0,4,day7
18-10-2023 06,300,1,2001.0,4,day7
18-10-2023 06,300,1,4012.0,38,day7
18-10-2023 06,300,1,4012.0,20,day7
18-10-2023 06,300,0,5004.0,48,day7
18-10-2023 06,300,0,5004.0,34,day7
18-10-2023 07,100,1,2001.0,1,day7
18-10-2023 07,100,0,2001.0,52735,day7
18-10-2023 07,100,1,2001.0,1,day7
18-10-2023 07,100,0,2001.0,17564,day7
18-10-2023 07,100,1,4010.0,3,day7
18-10-2023 07,100,0,4010.0,77,day7
18-10-2023 07,100,0,4010.0,230,day7
18-10-2023 07,100,0,4012.0,8262,day7
18-10-2023 07,100,1,4012.0,21,day7
18-10-2023 07,100,0,4012.0,24307,day7
18-10-2023 07,100,1,4012.0,9,day7
18-10-2023 07,100,1,5031.0,1,day7
18-10-2023 07,100,0,5031.0,1037,day7
18-10-2023 07,100,0,5031.0,342,day7
18-10-2023 07,100,1,5031.0,2,day7
18-10-2023 07,100,0,,531,day7
18-10-2023 07,100,0,,1700,day7
18-10-2023 07,100,1,,1,day7
18-10-2023 07,133,0,,192,day7
18-10-2023 07,150,0,2001.0,1,day7
18-10-2023 07,150,0,4010.0,3,day7
18-10-2023 07,150,0,4010.0,6,day7
18-10-2023 07,150,0,5030.0,10,day7
18-10-2023 07,150,0,5030.0,31,day7
18-10-2023 07,150,0,,9,day7
18-10-2023 07,150,0,,1,day7
18-10-2023 07,200,0,2001.0,42,day7
18-10-2023 07,200,0,2001.0,146,day7
18-10-2023 07,200,0,5031.0,1,day7
18-10-2023 07,200,0,5031.0,1,day7
18-10-2023 07,300,1,2001.0,13,day7
18-10-2023 07,300,1,2001.0,6,day7
18-10-2023 07,300,1,4012.0,698,day7
18-10-2023 07,300,1,4012.0,647,day7
18-10-2023 07,300,0,5004.0,1004,day7
18-10-2023 07,300,0,5004.0,879,day7
18-10-2023 07,300,1,5031.0,6,day7
18-10-2023 07,300,1,5031.0,8,day7
18-10-2023 08,100,0,2001.0,65514,day7
18-10-2023 08,100,0,2001.0,22370,day7
18-10-2023 08,100,1,2001.0,2,day7
18-10-2023 08,100,0,4010.0,101,day7
18-10-2023 08,100,0,4010.0,345,day7
18-10-2023 08,100,1,4010.0,2,day7
18-10-2023 08,100,0,4012.0,31320,day7
18-10-2023 08,100,1,4012.0,34,day7
18-10-2023 08,100,1,4012.0,25,day7
18-10-2023 08,100,0,4012.0,10574,day7
18-10-2023 08,100,0,5005.0,1,day7
18-10-2023 08,100,0,5030.0,1,day7
18-10-2023 08,100,1,5031.0,4,day7
18-10-2023 08,100,0,5031.0,1523,day7
18-10-2023 08,100,0,5031.0,517,day7
18-10-2023 08,100,1,5031.0,2,day7
18-10-2023 08,100,0,,650,day7
18-10-2023 08,100,1,,2,day7
18-10-2023 08,100,0,,1885,day7
18-10-2023 08,133,0,,205,day7
18-10-2023 08,150,0,2001.0,1,day7
18-10-2023 08,150,0,4010.0,3,day7
18-10-2023 08,150,0,4010.0,4,day7
18-10-2023 08,150,0,5030.0,42,day7
18-10-2023 08,150,0,5030.0,16,day7
18-10-2023 08,150,0,5031.0,1,day7
18-10-2023 08,150,0,,5,day7
18-10-2023 08,150,0,,6,day7
18-10-2023 08,200,0,2001.0,733,day7
18-10-2023 08,200,0,2001.0,280,day7
18-10-2023 08,200,0,4012.0,2,day7
18-10-2023 08,200,0,5031.0,5,day7
18-10-2023 08,200,0,5031.0,1,day7
18-10-2023 08,300,1,2001.0,32,day7
18-10-2023 08,300,1,2001.0,99,day7
18-10-2023 08,300,1,4012.0,1150,day7
18-10-2023 08,300,1,4012.0,1561,day7
18-10-2023 08,300,0,5004.0,1583,day7
18-10-2023 08,300,0,5004.0,2036,day7
18-10-2023 08,300,1,5031.0,21,day7
18-10-2023 08,300,1,5031.0,11,day7
18-10-2023 08,400,1,2001.0,5,day7
18-10-2023 08,400,1,2001.0,4,day7
18-10-2023 08,400,1,4012.0,3,day7
18-10-2023 09,100,0,2001.0,25543,day7
18-10-2023 09,100,1,2001.0,1,day7
18-10-2023 09,100,0,2001.0,74781,day7
18-10-2023 09,100,0,4010.0,131,day7
18-10-2023 09,100,0,4010.0,393,day7
18-10-2023 09,100,1,4012.0,31,day7
18-10-2023 09,100,1,4012.0,37,day7
18-10-2023 09,100,0,4012.0,11752,day7
18-10-2023 09,100,0,4012.0,34239,day7
18-10-2023 09,100,0,5005.0,2,day7
18-10-2023 09,100,0,5005.0,1,day7
18-10-2023 09,100,0,5030.0,1,day7
18-10-2023 09,100,1,5031.0,6,day7
18-10-2023 09,100,0,5031.0,1739,day7
18-10-2023 09,100,0,5031.0,623,day7
18-10-2023 09,100,1,5031.0,2,day7
18-10-2023 09,100,0,,691,day7
18-10-2023 09,100,0,,2019,day7
18-10-2023 09,133,0,,208,day7
18-10-2023 09,150,0,4010.0,13,day7
18-10-2023 09,150,0,4010.0,3,day7
18-10-2023 09,150,0,4012.0,2,day7
18-10-2023 09,150,0,5030.0,15,day7
18-10-2023 09,150,0,5030.0,57,day7
18-10-2023 09,150,0,,10,day7
18-10-2023 09,150,0,,2,day7
18-10-2023 09,200,0,2001.0,1473,day7
18-10-2023 09,200,0,2001.0,512,day7
18-10-2023 09,200,0,4010.0,1,day7
18-10-2023 09,200,0,4012.0,1,day7
18-10-2023 09,200,0,5031.0,4,day7
18-10-2023 09,200,0,5031.0,8,day7
18-10-2023 09,200,0,,1,day7
18-10-2023 09,300,1,2001.0,67,day7
18-10-2023 09,300,1,2001.0,121,day7
18-10-2023 09,300,1,4012.0,1242,day7
18-10-2023 09,300,1,4012.0,1777,day7
18-10-2023 09,300,0,5004.0,2524,day7
18-10-2023 09,300,0,5004.0,1862,day7
18-10-2023 09,300,1,5031.0,16,day7
18-10-2023 09,300,1,5031.0,8,day7
18-10-2023 09,400,1,2001.0,5,day7
18-10-2023 09,400,1,2001.0,1,day7
18-10-2023 09,400,1,4012.0,1,day7
18-10-2023 09,400,0,5004.0,2,day7
18-10-2023 09,400,0,5004.0,1,day7
18-10-2023 10,100,1,2001.0,1,day7
18-10-2023 10,100,1,2001.0,3,day7
18-10-2023 10,100,0,2001.0,79176,day7
18-10-2023 10,100,0,2001.0,26909,day7
18-10-2023 10,100,0,4010.0,379,day7
18-10-2023 10,100,0,4010.0,125,day7
18-10-2023 10,100,1,4012.0,14,day7
18-10-2023 10,100,0,4012.0,35816,day7
18-10-2023 10,100,1,4012.0,21,day7
18-10-2023 10,100,0,4012.0,12483,day7
18-10-2023 10,100,1,5031.0,4,day7
18-10-2023 10,100,1,5031.0,12,day7
18-10-2023 10,100,0,5031.0,2037,day7
18-10-2023 10,100,0,5031.0,670,day7
18-10-2023 10,100,0,,2104,day7
18-10-2023 10,100,0,,678,day7
18-10-2023 10,100,1,,2,day7
18-10-2023 10,100,1,,2,day7
18-10-2023 10,133,0,,203,day7
18-10-2023 10,150,0,4010.0,13,day7
18-10-2023 10,150,0,4010.0,3,day7
18-10-2023 10,150,0,4012.0,3,day7
18-10-2023 10,150,0,5030.0,18,day7
18-10-2023 10,150,0,5030.0,53,day7
18-10-2023 10,150,0,5031.0,1,day7
18-10-2023 10,150,0,,2,day7
18-10-2023 10,150,0,,6,day7
18-10-2023 10,200,0,2001.0,597,day7
18-10-2023 10,200,0,2001.0,1757,day7
18-10-2023 10,200,0,4012.0,1,day7
18-10-2023 10,200,0,4012.0,3,day7
18-10-2023 10,200,0,5031.0,10,day7
18-10-2023 10,200,0,5031.0,1,day7
18-10-2023 10,300,1,2001.0,122,day7
18-10-2023 10,300,1,2001.0,68,day7
18-10-2023 10,300,1,4012.0,1459,day7
18-10-2023 10,300,1,4012.0,1982,day7
18-10-2023 10,300,0,5004.0,2697,day7
18-10-2023 10,300,0,5004.0,3343,day7
18-10-2023 10,300,1,5031.0,1,day7
18-10-2023 10,300,1,5031.0,14,day7
18-10-2023 10,400,1,2001.0,1,day7
18-10-2023 10,400,1,2001.0,6,day7
18-10-2023 10,400,1,4012.0,2,day7
18-10-2023 10,400,0,5004.0,5,day7
18-10-2023 10,400,0,5004.0,3,day7
18-10-2023 11,100,0,2001.0,78648,day7
18-10-2023 11,100,0,2001.0,26993,day7
18-10-2023 11,100,1,2001.0,4,day7
18-10-2023 11,100,1,2001.0,7,day7
18-10-2023 11,100,0,4010.0,342,day7
18-10-2023 11,100,0,4010.0,127,day7
18-10-2023 11,100,0,4012.0,36433,day7
18-10-2023 11,100,1,4012.0,35,day7
18-10-2023 11,100,1,4012.0,52,day7
18-10-2023 11,100,0,4012.0,12228,day7
18-10-2023 11,100,0,5031.0,628,day7
18-10-2023 11,100,1,5031.0,5,day7
18-10-2023 11,100,0,5031.0,1963,day7
18-10-2023 11,100,1,5031.0,4,day7
18-10-2023 11,100,0,,670,day7
18-10-2023 11,100,0,,2136,day7
18-10-2023 11,100,1,,4,day7
18-10-2023 11,100,1,,2,day7
18-10-2023 11,133,0,,161,day7
18-10-2023 11,150,0,4010.0,11,day7
18-10-2023 11,150,0,4010.0,6,day7
18-10-2023 11,150,0,4012.0,1,day7
18-10-2023 11,150,0,4012.0,1,day7
18-10-2023 11,150,0,5030.0,19,day7
18-10-2023 11,150,1,5030.0,1,day7
18-10-2023 11,150,1,5030.0,1,day7
18-10-2023 11,150,0,5030.0,59,day7
18-10-2023 11,150,0,,8,day7
18-10-2023 11,150,0,,1,day7
18-10-2023 11,200,0,2001.0,1606,day7
18-10-2023 11,200,0,2001.0,525,day7
18-10-2023 11,200,0,4010.0,1,day7
18-10-2023 11,200,0,4012.0,1,day7
18-10-2023 11,200,0,4012.0,4,day7
18-10-2023 11,200,0,5031.0,1,day7
18-10-2023 11,200,0,5031.0,7,day7
18-10-2023 11,300,1,2001.0,95,day7
18-10-2023 11,300,1,2001.0,45,day7
18-10-2023 11,300,1,4012.0,1707,day7
18-10-2023 11,300,1,4012.0,1223,day7
18-10-2023 11,300,0,5004.0,2306,day7
18-10-2023 11,300,0,5004.0,1816,day7
18-10-2023 11,300,1,5031.0,27,day7
18-10-2023 11,300,1,5031.0,8,day7
18-10-2023 11,400,1,2001.0,5,day7
18-10-2023 11,400,1,2001.0,5,day7
18-10-2023 11,400,0,5004.0,2,day7
18-10-2023 12,100,1,2001.0,6,day7
18-10-2023 12,100,0,2001.0,78314,day7
18-10-2023 12,100,0,2001.0,27075,day7
18-10-2023 12,100,1,2001.0,8,day7
18-10-2023 12,100,0,4010.0,141,day7
18-10-2023 12,100,1,4010.0,1,day7
18-10-2023 12,100,0,4010.0,378,day7
18-10-2023 12,100,0,4012.0,37235,day7
18-10-2023 12,100,0,4012.0,12838,day7
18-10-2023 12,100,1,4012.0,38,day7
18-10-2023 12,100,1,4012.0,49,day7
18-10-2023 12,100,1,5031.0,3,day7
18-10-2023 12,100,0,5031.0,2176,day7
18-10-2023 12,100,0,5031.0,737,day7
18-10-2023 12,100,1,5031.0,3,day7
18-10-2023 12,100,1,,4,day7
18-10-2023 12,100,1,,5,day7
18-10-2023 12,100,0,,2381,day7
18-10-2023 12,100,0,,837,day7
18-10-2023 12,133,0,,205,day7
18-10-2023 12,150,0,4010.0,19,day7
18-10-2023 12,150,0,4010.0,4,day7
18-10-2023 12,150,1,5030.0,1,day7
18-10-2023 12,150,0,5030.0,54,day7
18-10-2023 12,150,0,5030.0,16,day7
18-10-2023 12,150,1,5030.0,1,day7
18-10-2023 12,150,0,,11,day7
18-10-2023 12,200,0,2001.0,153,day7
18-10-2023 12,200,0,2001.0,421,day7
18-10-2023 12,200,0,4012.0,1,day7
18-10-2023 12,200,0,5031.0,8,day7
18-10-2023 12,300,1,2001.0,70,day7
18-10-2023 12,300,1,2001.0,57,day7
18-10-2023 12,300,1,4012.0,1373,day7
18-10-2023 12,300,1,4012.0,1767,day7
18-10-2023 12,300,0,5004.0,2561,day7
18-10-2023 12,300,0,5004.0,2948,day7
18-10-2023 12,300,1,5031.0,17,day7
18-10-2023 12,300,1,5031.0,7,day7
18-10-2023 12,400,0,5004.0,1,day7
18-10-2023 13,100,1,2001.0,3,day7
18-10-2023 13,100,0,2001.0,41982,day7
18-10-2023 13,100,0,2001.0,14463,day7
18-10-2023 13,100,0,4010.0,91,day7
18-10-2023 13,100,0,4010.0,244,day7
18-10-2023 13,100,1,4012.0,21,day7
18-10-2023 13,100,0,4012.0,6879,day7
18-10-2023 13,100,0,4012.0,20379,day7
18-10-2023 13,100,1,4012.0,30,day7
18-10-2023 13,100,0,5031.0,454,day7
18-10-2023 13,100,1,5031.0,1,day7
18-10-2023 13,100,1,5031.0,6,day7
18-10-2023 13,100,0,5031.0,1237,day7
18-10-2023 13,100,0,,1253,day7
18-10-2023 13,100,0,,442,day7
18-10-2023 13,133,0,,124,day7
18-10-2023 13,150,0,4010.0,2,day7
18-10-2023 13,150,0,4010.0,4,day7
18-10-2023 13,150,0,5030.0,24,day7
18-10-2023 13,150,0,5030.0,8,day7
18-10-2023 13,150,0,,4,day7
18-10-2023 13,200,0,2001.0,267,day7
18-10-2023 13,200,0,2001.0,779,day7
18-10-2023 13,200,0,5031.0,3,day7
18-10-2023 13,200,0,5031.0,5,day7
18-10-2023 13,300,1,2001.0,62,day7
18-10-2023 13,300,1,2001.0,24,day7
18-10-2023 13,300,1,4012.0,940,day7
18-10-2023 13,300,1,4012.0,1247,day7
18-10-2023 13,300,0,5004.0,1693,day7
18-10-2023 13,300,0,5004.0,1303,day7
18-10-2023 13,300,1,5031.0,3,day7
18-10-2023 13,300,1,5031.0,2,day7
18-10-2023 13,400,1,2001.0,3,day7
18-10-2023 13,400,1,2001.0,3,day7
19-10-2023 00,100,0,2001.0,23,day7
19-10-2023 00,100,0,2001.0,60,day7
19-10-2023 00,100,0,4010.0,1,day7
19-10-2023 00,100,0,4012.0,53,day7
19-10-2023 00,100,0,4012.0,16,day7
19-10-2023 00,100,0,5031.0,2,day7
19-10-2023 00,100,0,5031.0,9,day7
19-10-2023 00,100,0,,2,day7
19-10-2023 00,100,0,,4,day7
19-10-2023 00,133,0,,1,day7
